profile_name,profile_id,period,kind,function,function_period,actual_value,expected_value,validation_passed,status,error,test_month,test_year,is_leap_year,days_in_month,months_tested,all_months_passed
computed_P1Y_Quantitative_PD_avg_pila,,P1Y,Quantitative,avg,PD,,,False,creation_failed,"Status 400: {""StatusCode"":400,""Message"":""Profile already exists!""}",,,,,,
computed_P1Y_Quantitative_H_avg,,P1Y,Quantitative,avg,H,,,False,creation_failed,"Status 400: {""StatusCode"":400,""Message"":""Profile already exists!""}",,,,,,
computed_P1Y_Quantitative_H_min,,P1Y,Quantitative,min,H,,,False,creation_failed,"Status 400: {""StatusCode"":400,""Message"":""Profile already exists!""}",,,,,,
computed_P1Y_Quantitative_PD_sum,,P1Y,Quantitative,sum,PD,,,False,creation_failed,"Status 400: {""StatusCode"":400,""Message"":""Profile already exists!""}",,,,,,
computed_P1Y_Quantitative_H_max,,P1Y,Quantitative,max,H,,,False,creation_failed,"Status 400: {""StatusCode"":400,""Message"":""Profile already exists!""}",,,,,,
computed_P1Y_Quantitative_PD_min_pila,,P1Y,Quantitative,min,PD,,,False,creation_failed,"Status 400: {""StatusCode"":400,""Message"":""Profile already exists!""}",,,,,,
computed_P1Y_Quantitative_H_avg_pila,,P1Y,Quantitative,avg,H,,,False,creation_failed,"Status 400: {""StatusCode"":400,""Message"":""Profile already exists!""}",,,,,,
computed_P1Y_Quantitative_H_min_pila,,P1Y,Quantitative,min,H,,,False,creation_failed,"Status 400: {""StatusCode"":400,""Message"":""Profile already exists!""}",,,,,,
computed_P1Y_Quantitative_H_sum,,P1Y,Quantitative,sum,H,,,False,creation_failed,"Status 400: {""StatusCode"":400,""Message"":""Profile already exists!""}",,,,,,
computed_P1Y_Quantitative_PD_max,,P1Y,Quantitative,max,PD,,,False,creation_failed,"Status 400: {""StatusCode"":400,""Message"":""Profile already exists!""}",,,,,,
computed_P1Y_Quantitative_PD_avg,,P1Y,Quantitative,avg,PD,,,False,creation_failed,"Status 400: {""StatusCode"":400,""Message"":""Profile already exists!""}",,,,,,
computed_P1Y_Quantitative_H_max_pila,,P1Y,Quantitative,max,H,,,False,creation_failed,"Status 400: {""StatusCode"":400,""Message"":""Profile already exists!""}",,,,,,
computed_P1Y_Quantitative_PD_max_pila,,P1Y,Quantitative,max,PD,,,False,creation_failed,"Status 400: {""StatusCode"":400,""Message"":""Profile already exists!""}",,,,,,
computed_P1Y_Quantitative_PD_min,,P1Y,Quantitative,min,PD,,,False,creation_failed,"Status 400: {""StatusCode"":400,""Message"":""Profile already exists!""}",,,,,,
computed_P1Y_Quantitative_PE_avg,,P1Y,Quantitative,avg,PE,,,False,creation_failed,"Status 400: {""StatusCode"":400,""Message"":""Profile already exists!""}",,,,,,
computed_P1Y_Quantitative_PE_sum,,P1Y,Quantitative,sum,PE,,,False,creation_failed,"Status 400: {""StatusCode"":400,""Message"":""Profile already exists!""}",,,,,,
computed_P1Y_Quantitative_PW_avg,,P1Y,Quantitative,avg,PW,,,False,creation_failed,"Status 400: {""StatusCode"":400,""Message"":""Profile already exists!""}",,,,,,
computed_P1Y_Quantitative_PW_sum,,P1Y,Quantitative,sum,PW,,,False,creation_failed,"Status 400: {""StatusCode"":400,""Message"":""Profile already exists!""}",,,,,,
computed_P1Y_Quantitative_PE_avg_pila,,P1Y,Quantitative,avg,PE,,,False,creation_failed,"Status 400: {""StatusCode"":400,""Message"":""Profile already exists!""}",,,,,,
computed_P1Y_Quantitative_PW_min,,P1Y,Quantitative,min,PW,,,False,creation_failed,"Status 400: {""StatusCode"":400,""Message"":""Profile already exists!""}",,,,,,
computed_P1Y_Quantitative_PW_max,,P1Y,Quantitative,max,PW,,,False,creation_failed,"Status 400: {""StatusCode"":400,""Message"":""Profile already exists!""}",,,,,,
computed_P1Y_Quantitative_PW_max_pila,,P1Y,Quantitative,max,PW,,,False,creation_failed,"Status 400: {""StatusCode"":400,""Message"":""Profile already exists!""}",,,,,,
computed_P1Y_Quantitative_PE_max,,P1Y,Quantitative,max,PE,,,False,creation_failed,"Status 400: {""StatusCode"":400,""Message"":""Profile already exists!""}",,,,,,
computed_P1Y_Quantitative_PE_max_pila,,P1Y,Quantitative,max,PE,,,False,creation_failed,"Status 400: {""StatusCode"":400,""Message"":""Profile already exists!""}",,,,,,
computed_P1Y_Quantitative_PW_min_pila,,P1Y,Quantitative,min,PW,,,False,creation_failed,"Status 400: {""StatusCode"":400,""Message"":""Profile already exists!""}",,,,,,
computed_P1Y_Quantitative_PM_avg_pila,,P1Y,Quantitative,avg,PM,,,False,creation_failed,"Status 400: {""StatusCode"":400,""Message"":""Profile already exists!""}",,,,,,
computed_P1Y_Quantitative_PM_max,,P1Y,Quantitative,max,PM,,,False,creation_failed,"Status 400: {""StatusCode"":400,""Message"":""Profile already exists!""}",,,,,,
computed_P1Y_Quantitative_PM_min_pila,,P1Y,Quantitative,min,PM,,,False,creation_failed,"Status 400: {""StatusCode"":400,""Message"":""Profile already exists!""}",,,,,,
computed_P1Y_Quantitative_PW_avg_pila,,P1Y,Quantitative,avg,PW,,,False,creation_failed,"Status 400: {""StatusCode"":400,""Message"":""Profile already exists!""}",,,,,,
computed_P1Y_Quantitative_PE_min_pila,,P1Y,Quantitative,min,PE,,,False,creation_failed,"Status 400: {""StatusCode"":400,""Message"":""Profile already exists!""}",,,,,,
computed_P1Y_Quantitative_PQ_sum,,P1Y,Quantitative,sum,PQ,,,False,creation_failed,"Status 400: {""StatusCode"":400,""Message"":""Profile already exists!""}",,,,,,
computed_P1Y_Quantitative_PQ_avg,,P1Y,Quantitative,avg,PQ,,,False,creation_failed,"Status 400: {""StatusCode"":400,""Message"":""Profile already exists!""}",,,,,,
computed_P1Y_Quantitative_PM_sum,,P1Y,Quantitative,sum,PM,,,False,creation_failed,"Status 400: {""StatusCode"":400,""Message"":""Profile already exists!""}",,,,,,
computed_P1Y_Quantitative_PE_min,,P1Y,Quantitative,min,PE,,,False,creation_failed,"Status 400: {""StatusCode"":400,""Message"":""Profile already exists!""}",,,,,,
computed_P1Y_Quantitative_PQ_max,,P1Y,Quantitative,max,PQ,,,False,creation_failed,"Status 400: {""StatusCode"":400,""Message"":""Profile already exists!""}",,,,,,
computed_P1Y_Quantitative_PQ_min,,P1Y,Quantitative,min,PQ,,,False,creation_failed,"Status 400: {""StatusCode"":400,""Message"":""Profile already exists!""}",,,,,,
computed_P1Y_Quantitative_PQ_min_pila,,P1Y,Quantitative,min,PQ,,,False,creation_failed,"Status 400: {""StatusCode"":400,""Message"":""Profile already exists!""}",,,,,,
computed_P1Y_Quantitative_PM_max_pila,,P1Y,Quantitative,max,PM,,,False,creation_failed,"Status 400: {""StatusCode"":400,""Message"":""Profile already exists!""}",,,,,,
computed_P1Y_Quantitative_PQ_max_pila,,P1Y,Quantitative,max,PQ,,,False,creation_failed,"Status 400: {""StatusCode"":400,""Message"":""Profile already exists!""}",,,,,,
computed_P1Y_Quantitative_PY_avg,,P1Y,Quantitative,avg,PY,,,False,creation_failed,"Status 400: {""StatusCode"":400,""Message"":""Profile already exists!""}",,,,,,
computed_P1Y_Quantitative_PY_sum,,P1Y,Quantitative,sum,PY,,,False,creation_failed,"Status 400: {""StatusCode"":400,""Message"":""Profile already exists!""}",,,,,,
computed_P1Y_Quantitative_PY_avg_pila,,P1Y,Quantitative,avg,PY,,,False,creation_failed,"Status 400: {""StatusCode"":400,""Message"":""Profile already exists!""}",,,,,,
computed_P1Y_Quantitative_PY_min,,P1Y,Quantitative,min,PY,,,False,creation_failed,"Status 400: {""StatusCode"":400,""Message"":""Profile already exists!""}",,,,,,
computed_P1Y_Quantitative_PM_avg,,P1Y,Quantitative,avg,PM,,,False,creation_failed,"Status 400: {""StatusCode"":400,""Message"":""Profile already exists!""}",,,,,,
computed_P1Y_Quantitative_PM_min,,P1Y,Quantitative,min,PM,,,False,creation_failed,"Status 400: {""StatusCode"":400,""Message"":""Profile already exists!""}",,,,,,
computed_P1Y_Continuous_H_avg,,P1Y,Continuous,avg,H,,,False,creation_failed,"Status 400: {""StatusCode"":400,""Message"":""Profile already exists!""}",,,,,,
computed_P1Y_Quantitative_PY_max,,P1Y,Quantitative,max,PY,,,False,creation_failed,"Status 400: {""StatusCode"":400,""Message"":""Profile already exists!""}",,,,,,
computed_P1Y_Quantitative_PQ_avg_pila,,P1Y,Quantitative,avg,PQ,,,False,creation_failed,"Status 400: {""StatusCode"":400,""Message"":""Profile already exists!""}",,,,,,
computed_P1Y_Continuous_H_max_pila,,P1Y,Continuous,max,H,,,False,creation_failed,"Status 400: {""StatusCode"":400,""Message"":""Profile already exists!""}",,,,,,
computed_P1Y_Continuous_H_sum,,P1Y,Continuous,sum,H,,,False,creation_failed,"Status 400: {""StatusCode"":400,""Message"":""Profile already exists!""}",,,,,,
computed_P1Y_Continuous_H_min,,P1Y,Continuous,min,H,,,False,creation_failed,"Status 400: {""StatusCode"":400,""Message"":""Profile already exists!""}",,,,,,
computed_P1Y_Continuous_H_avg_pila,,P1Y,Continuous,avg,H,,,False,creation_failed,"Status 400: {""StatusCode"":400,""Message"":""Profile already exists!""}",,,,,,
computed_P1Y_Quantitative_PY_max_pila,,P1Y,Quantitative,max,PY,,,False,creation_failed,"Status 400: {""StatusCode"":400,""Message"":""Profile already exists!""}",,,,,,
computed_P1Y_Continuous_PD_min_pila,,P1Y,Continuous,min,PD,,,False,creation_failed,"Status 400: {""StatusCode"":400,""Message"":""Profile already exists!""}",,,,,,
computed_P1Y_Continuous_PD_avg_pila,,P1Y,Continuous,avg,PD,,,False,creation_failed,"Status 400: {""StatusCode"":400,""Message"":""Profile already exists!""}",,,,,,
computed_P1Y_Quantitative_PY_min_pila,,P1Y,Quantitative,min,PY,,,False,creation_failed,"Status 400: {""StatusCode"":400,""Message"":""Profile already exists!""}",,,,,,
computed_P1Y_Continuous_H_min_pila,,P1Y,Continuous,min,H,,,False,creation_failed,"Status 400: {""StatusCode"":400,""Message"":""Profile already exists!""}",,,,,,
computed_P1Y_Continuous_PD_avg,,P1Y,Continuous,avg,PD,,,False,creation_failed,"Status 400: {""StatusCode"":400,""Message"":""Profile already exists!""}",,,,,,
computed_P1Y_Continuous_H_max,,P1Y,Continuous,max,H,,,False,creation_failed,"Status 400: {""StatusCode"":400,""Message"":""Profile already exists!""}",,,,,,
computed_P1Y_Continuous_PD_max_pila,,P1Y,Continuous,max,PD,,,False,creation_failed,"Status 400: {""StatusCode"":400,""Message"":""Profile already exists!""}",,,,,,
computed_P1Y_Continuous_PD_min,,P1Y,Continuous,min,PD,,,False,creation_failed,"Status 400: {""StatusCode"":400,""Message"":""Profile already exists!""}",,,,,,
computed_P1Y_Continuous_PW_avg,,P1Y,Continuous,avg,PW,,,False,creation_failed,"Status 400: {""StatusCode"":400,""Message"":""Profile already exists!""}",,,,,,
computed_P1Y_Continuous_PD_max,,P1Y,Continuous,max,PD,,,False,creation_failed,"Status 400: {""StatusCode"":400,""Message"":""Profile already exists!""}",,,,,,
computed_P1Y_Continuous_PW_sum,,P1Y,Continuous,sum,PW,,,False,creation_failed,"Status 400: {""StatusCode"":400,""Message"":""Profile already exists!""}",,,,,,
computed_P1Y_Continuous_PD_sum,,P1Y,Continuous,sum,PD,,,False,creation_failed,"Status 400: {""StatusCode"":400,""Message"":""Profile already exists!""}",,,,,,
computed_P1Y_Continuous_PW_min,,P1Y,Continuous,min,PW,,,False,creation_failed,"Status 400: {""StatusCode"":400,""Message"":""Profile already exists!""}",,,,,,
computed_P1Y_Continuous_PW_avg_pila,,P1Y,Continuous,avg,PW,,,False,creation_failed,"Status 400: {""StatusCode"":400,""Message"":""Profile already exists!""}",,,,,,
computed_P1Y_Continuous_PE_sum,,P1Y,Continuous,sum,PE,,,False,creation_failed,"Status 400: {""StatusCode"":400,""Message"":""Profile already exists!""}",,,,,,
computed_P1Y_Continuous_PE_avg,,P1Y,Continuous,avg,PE,,,False,creation_failed,"Status 400: {""StatusCode"":400,""Message"":""Profile already exists!""}",,,,,,
computed_P1Y_Continuous_PW_min_pila,,P1Y,Continuous,min,PW,,,False,creation_failed,"Status 400: {""StatusCode"":400,""Message"":""Profile already exists!""}",,,,,,
computed_P1Y_Continuous_PW_max_pila,,P1Y,Continuous,max,PW,,,False,creation_failed,"Status 400: {""StatusCode"":400,""Message"":""Profile already exists!""}",,,,,,
computed_P1Y_Continuous_PE_max,,P1Y,Continuous,max,PE,,,False,creation_failed,"Status 400: {""StatusCode"":400,""Message"":""Profile already exists!""}",,,,,,
computed_P1Y_Continuous_PW_max,,P1Y,Continuous,max,PW,,,False,creation_failed,"Status 400: {""StatusCode"":400,""Message"":""Profile already exists!""}",,,,,,
computed_P1Y_Continuous_PM_avg,,P1Y,Continuous,avg,PM,,,False,creation_failed,"Status 400: {""StatusCode"":400,""Message"":""Profile already exists!""}",,,,,,
computed_P1Y_Continuous_PE_avg_pila,,P1Y,Continuous,avg,PE,,,False,creation_failed,"Status 400: {""StatusCode"":400,""Message"":""Profile already exists!""}",,,,,,
computed_P1Y_Continuous_PE_min,,P1Y,Continuous,min,PE,,,False,creation_failed,"Status 400: {""StatusCode"":400,""Message"":""Profile already exists!""}",,,,,,
computed_P1Y_Continuous_PE_max_pila,,P1Y,Continuous,max,PE,,,False,creation_failed,"Status 400: {""StatusCode"":400,""Message"":""Profile already exists!""}",,,,,,
computed_P1Y_Continuous_PM_avg_pila,,P1Y,Continuous,avg,PM,,,False,creation_failed,"Status 400: {""StatusCode"":400,""Message"":""Profile already exists!""}",,,,,,
computed_P1Y_Continuous_PM_min_pila,,P1Y,Continuous,min,PM,,,False,creation_failed,"Status 400: {""StatusCode"":400,""Message"":""Profile already exists!""}",,,,,,
computed_P1Y_Continuous_PQ_sum,,P1Y,Continuous,sum,PQ,,,False,creation_failed,"Status 400: {""StatusCode"":400,""Message"":""Profile already exists!""}",,,,,,
computed_P1Y_Continuous_PE_min_pila,,P1Y,Continuous,min,PE,,,False,creation_failed,"Status 400: {""StatusCode"":400,""Message"":""Profile already exists!""}",,,,,,
computed_P1Y_Continuous_PM_sum,,P1Y,Continuous,sum,PM,,,False,creation_failed,"Status 400: {""StatusCode"":400,""Message"":""Profile already exists!""}",,,,,,
computed_P1Y_Continuous_PM_max,,P1Y,Continuous,max,PM,,,False,creation_failed,"Status 400: {""StatusCode"":400,""Message"":""Profile already exists!""}",,,,,,
computed_P1Y_Continuous_PQ_avg,,P1Y,Continuous,avg,PQ,,,False,creation_failed,"Status 400: {""StatusCode"":400,""Message"":""Profile already exists!""}",,,,,,
computed_P1Y_Continuous_PM_min,,P1Y,Continuous,min,PM,,,False,creation_failed,"Status 400: {""StatusCode"":400,""Message"":""Profile already exists!""}",,,,,,
computed_P1Y_Continuous_PY_min,,P1Y,Continuous,min,PY,,,False,creation_failed,"Status 400: {""StatusCode"":400,""Message"":""Profile already exists!""}",,,,,,
computed_P1Y_Continuous_PY_sum,,P1Y,Continuous,sum,PY,,,False,creation_failed,"Status 400: {""StatusCode"":400,""Message"":""Profile already exists!""}",,,,,,
computed_P1Y_Continuous_PQ_min,,P1Y,Continuous,min,PQ,,,False,creation_failed,"Status 400: {""StatusCode"":400,""Message"":""Profile already exists!""}",,,,,,
computed_P1Y_Continuous_PY_avg,,P1Y,Continuous,avg,PY,,,False,creation_failed,"Status 400: {""StatusCode"":400,""Message"":""Profile already exists!""}",,,,,,
computed_P1Y_Continuous_PQ_max_pila,,P1Y,Continuous,max,PQ,,,False,creation_failed,"Status 400: {""StatusCode"":400,""Message"":""Profile already exists!""}",,,,,,
computed_P1Y_Continuous_PY_max,,P1Y,Continuous,max,PY,,,False,creation_failed,"Status 400: {""StatusCode"":400,""Message"":""Profile already exists!""}",,,,,,
computed_P1Y_Continuous_PM_max_pila,,P1Y,Continuous,max,PM,,,False,creation_failed,"Status 400: {""StatusCode"":400,""Message"":""Profile already exists!""}",,,,,,
computed_P1Y_Continuous_PQ_min_pila,,P1Y,Continuous,min,PQ,,,False,creation_failed,"Status 400: {""StatusCode"":400,""Message"":""Profile already exists!""}",,,,,,
computed_P1Y_Continuous_PQ_max,,P1Y,Continuous,max,PQ,,,False,creation_failed,"Status 400: {""StatusCode"":400,""Message"":""Profile already exists!""}",,,,,,
computed_P1M_Quantitative_H_avg,,P1M,Quantitative,avg,H,,,False,creation_failed,"Status 400: {""StatusCode"":400,""Message"":""Profile already exists!""}",,,,,,
computed_P1M_Quantitative_H_avg_pila,,P1M,Quantitative,avg,H,,,False,creation_failed,"Status 400: {""StatusCode"":400,""Message"":""Profile already exists!""}",,,,,,
computed_P1M_Quantitative_H_max,,P1M,Quantitative,max,H,,,False,creation_failed,"Status 400: {""StatusCode"":400,""Message"":""Profile already exists!""}",,,,,,
computed_P1Y_Continuous_PQ_avg_pila,,P1Y,Continuous,avg,PQ,,,False,creation_failed,"Status 400: {""StatusCode"":400,""Message"":""Profile already exists!""}",,,,,,
computed_P1Y_Continuous_PY_max_pila,,P1Y,Continuous,max,PY,,,False,creation_failed,"Status 400: {""StatusCode"":400,""Message"":""Profile already exists!""}",,,,,,
computed_P1Y_Continuous_PY_avg_pila,,P1Y,Continuous,avg,PY,,,False,creation_failed,"Status 400: {""StatusCode"":400,""Message"":""Profile already exists!""}",,,,,,
computed_P1Y_Continuous_PY_min_pila,,P1Y,Continuous,min,PY,,,False,creation_failed,"Status 400: {""StatusCode"":400,""Message"":""Profile already exists!""}",,,,,,
computed_P1M_Quantitative_H_max_pila,,P1M,Quantitative,max,H,,,False,creation_failed,"Status 400: {""StatusCode"":400,""Message"":""Profile already exists!""}",,,,,,
computed_P1M_Quantitative_H_min_pila,,P1M,Quantitative,min,H,,,False,creation_failed,"Status 400: {""StatusCode"":400,""Message"":""Profile already exists!""}",,,,,,
computed_P1M_Quantitative_H_min,,P1M,Quantitative,min,H,,,False,creation_failed,"Status 400: {""StatusCode"":400,""Message"":""Profile already exists!""}",,,,,,
computed_P1M_Quantitative_PD_sum,,P1M,Quantitative,sum,PD,,,False,creation_failed,"Status 400: {""StatusCode"":400,""Message"":""Profile already exists!""}",,,,,,
computed_P1M_Quantitative_H_sum,,P1M,Quantitative,sum,H,,,False,creation_failed,"Status 400: {""StatusCode"":400,""Message"":""Profile already exists!""}",,,,,,
computed_P1M_Quantitative_PD_avg_pila,,P1M,Quantitative,avg,PD,,,False,creation_failed,"Status 400: {""StatusCode"":400,""Message"":""Profile already exists!""}",,,,,,
computed_P1M_Quantitative_PW_sum,,P1M,Quantitative,sum,PW,,,False,creation_failed,"Status 400: {""StatusCode"":400,""Message"":""Profile already exists!""}",,,,,,
computed_P1M_Quantitative_PD_min_pila,,P1M,Quantitative,min,PD,,,False,creation_failed,"Status 400: {""StatusCode"":400,""Message"":""Profile already exists!""}",,,,,,
computed_P1M_Quantitative_PD_min,,P1M,Quantitative,min,PD,,,False,creation_failed,"Status 400: {""StatusCode"":400,""Message"":""Profile already exists!""}",,,,,,
computed_P1M_Quantitative_PW_avg_pila,,P1M,Quantitative,avg,PW,,,False,creation_failed,"Status 400: {""StatusCode"":400,""Message"":""Profile already exists!""}",,,,,,
computed_P1M_Quantitative_PW_min,,P1M,Quantitative,min,PW,,,False,creation_failed,"Status 400: {""StatusCode"":400,""Message"":""Profile already exists!""}",,,,,,
computed_P1M_Quantitative_PD_max_pila,,P1M,Quantitative,max,PD,,,False,creation_failed,"Status 400: {""StatusCode"":400,""Message"":""Profile already exists!""}",,,,,,
computed_P1M_Quantitative_PD_max,,P1M,Quantitative,max,PD,,,False,creation_failed,"Status 400: {""StatusCode"":400,""Message"":""Profile already exists!""}",,,,,,
computed_P1M_Quantitative_PW_max_pila,,P1M,Quantitative,max,PW,,,False,creation_failed,"Status 400: {""StatusCode"":400,""Message"":""Profile already exists!""}",,,,,,
computed_P1M_Quantitative_PW_max,,P1M,Quantitative,max,PW,,,False,creation_failed,"Status 400: {""StatusCode"":400,""Message"":""Profile already exists!""}",,,,,,
computed_P1M_Quantitative_PE_avg,,P1M,Quantitative,avg,PE,,,False,creation_failed,"Status 400: {""StatusCode"":400,""Message"":""Profile already exists!""}",,,,,,
computed_P1M_Quantitative_PE_avg_pila,,P1M,Quantitative,avg,PE,,,False,creation_failed,"Status 400: {""StatusCode"":400,""Message"":""Profile already exists!""}",,,,,,
computed_P1M_Quantitative_PW_min_pila,,P1M,Quantitative,min,PW,,,False,creation_failed,"Status 400: {""StatusCode"":400,""Message"":""Profile already exists!""}",,,,,,
computed_P1M_Quantitative_PD_avg,,P1M,Quantitative,avg,PD,,,False,creation_failed,"Status 400: {""StatusCode"":400,""Message"":""Profile already exists!""}",,,,,,
computed_P1M_Quantitative_PW_avg,,P1M,Quantitative,avg,PW,,,False,creation_failed,"Status 400: {""StatusCode"":400,""Message"":""Profile already exists!""}",,,,,,
computed_P1M_Quantitative_PE_min,,P1M,Quantitative,min,PE,,,False,creation_failed,"Status 400: {""StatusCode"":400,""Message"":""Profile already exists!""}",,,,,,
computed_P1M_Quantitative_PE_min_pila,,P1M,Quantitative,min,PE,,,False,creation_failed,"Status 400: {""StatusCode"":400,""Message"":""Profile already exists!""}",,,,,,
computed_P1M_Quantitative_PE_max,,P1M,Quantitative,max,PE,,,False,creation_failed,"Status 400: {""StatusCode"":400,""Message"":""Profile already exists!""}",,,,,,
computed_P1M_Quantitative_PM_min,,P1M,Quantitative,min,PM,,,False,creation_failed,"Status 400: {""StatusCode"":400,""Message"":""Profile already exists!""}",,,,,,
computed_P1M_Quantitative_PE_sum,,P1M,Quantitative,sum,PE,,,False,creation_failed,"Status 400: {""StatusCode"":400,""Message"":""Profile already exists!""}",,,,,,
computed_P1M_Quantitative_PE_max_pila,,P1M,Quantitative,max,PE,,,False,creation_failed,"Status 400: {""StatusCode"":400,""Message"":""Profile already exists!""}",,,,,,
computed_P1M_Quantitative_PM_min_pila,,P1M,Quantitative,min,PM,,,False,creation_failed,"Status 400: {""StatusCode"":400,""Message"":""Profile already exists!""}",,,,,,
computed_P1M_Quantitative_PM_avg_pila,,P1M,Quantitative,avg,PM,,,False,creation_failed,"Status 400: {""StatusCode"":400,""Message"":""Profile already exists!""}",,,,,,
computed_P1M_Quantitative_PM_avg,,P1M,Quantitative,avg,PM,,,False,creation_failed,"Status 400: {""StatusCode"":400,""Message"":""Profile already exists!""}",,,,,,
computed_P1M_Quantitative_PM_max_pila,,P1M,Quantitative,max,PM,,,False,creation_failed,"Status 400: {""StatusCode"":400,""Message"":""Profile already exists!""}",,,,,,
computed_P1M_Quantitative_PQ_min_pila,,P1M,Quantitative,min,PQ,,,False,creation_failed,"Status 400: {""StatusCode"":400,""Message"":""Profile already exists!""}",,,,,,
computed_P1M_Quantitative_PQ_avg,,P1M,Quantitative,avg,PQ,,,False,creation_failed,"Status 400: {""StatusCode"":400,""Message"":""Profile already exists!""}",,,,,,
computed_P1M_Quantitative_PM_max,,P1M,Quantitative,max,PM,,,False,creation_failed,"Status 400: {""StatusCode"":400,""Message"":""Profile already exists!""}",,,,,,
computed_P1M_Quantitative_PQ_avg_pila,,P1M,Quantitative,avg,PQ,,,False,creation_failed,"Status 400: {""StatusCode"":400,""Message"":""Profile already exists!""}",,,,,,
computed_P1M_Quantitative_PY_avg_pila,,P1M,Quantitative,avg,PY,,,False,creation_failed,"Status 400: {""StatusCode"":400,""Message"":""Profile already exists!""}",,,,,,
computed_P1M_Quantitative_PM_sum,,P1M,Quantitative,sum,PM,,,False,creation_failed,"Status 400: {""StatusCode"":400,""Message"":""Profile already exists!""}",,,,,,
computed_P1M_Quantitative_PY_min,,P1M,Quantitative,min,PY,,,False,creation_failed,"Status 400: {""StatusCode"":400,""Message"":""Profile already exists!""}",,,,,,
computed_P1M_Quantitative_PY_avg,,P1M,Quantitative,avg,PY,,,False,creation_failed,"Status 400: {""StatusCode"":400,""Message"":""Profile already exists!""}",,,,,,
computed_P1M_Quantitative_PQ_max_pila,,P1M,Quantitative,max,PQ,,,False,creation_failed,"Status 400: {""StatusCode"":400,""Message"":""Profile already exists!""}",,,,,,
computed_P1M_Quantitative_PQ_max,,P1M,Quantitative,max,PQ,,,False,creation_failed,"Status 400: {""StatusCode"":400,""Message"":""Profile already exists!""}",,,,,,
computed_P1M_Quantitative_PQ_sum,,P1M,Quantitative,sum,PQ,,,False,creation_failed,"Status 400: {""StatusCode"":400,""Message"":""Profile already exists!""}",,,,,,
computed_P1M_Quantitative_PY_sum,,P1M,Quantitative,sum,PY,,,False,creation_failed,"Status 400: {""StatusCode"":400,""Message"":""Profile already exists!""}",,,,,,
computed_P1M_Quantitative_PQ_min,,P1M,Quantitative,min,PQ,,,False,creation_failed,"Status 400: {""StatusCode"":400,""Message"":""Profile already exists!""}",,,,,,
computed_P1M_Quantitative_PY_min_pila,,P1M,Quantitative,min,PY,,,False,creation_failed,"Status 400: {""StatusCode"":400,""Message"":""Profile already exists!""}",,,,,,
computed_P1M_Quantitative_PY_max_pila,,P1M,Quantitative,max,PY,,,False,creation_failed,"Status 400: {""StatusCode"":400,""Message"":""Profile already exists!""}",,,,,,
computed_P1M_Quantitative_PY_max,,P1M,Quantitative,max,PY,,,False,creation_failed,"Status 400: {""StatusCode"":400,""Message"":""Profile already exists!""}",,,,,,
computed_P1M_Continuous_H_max,,P1M,Continuous,max,H,,,False,creation_failed,"Status 400: {""StatusCode"":400,""Message"":""Profile already exists!""}",,,,,,
computed_P1M_Continuous_H_avg,,P1M,Continuous,avg,H,,,False,creation_failed,"Status 400: {""StatusCode"":400,""Message"":""Profile already exists!""}",,,,,,
computed_P1M_Continuous_H_min_pila,,P1M,Continuous,min,H,,,False,creation_failed,"Status 400: {""StatusCode"":400,""Message"":""Profile already exists!""}",,,,,,
computed_P1M_Continuous_H_avg_pila,,P1M,Continuous,avg,H,,,False,creation_failed,"Status 400: {""StatusCode"":400,""Message"":""Profile already exists!""}",,,,,,
computed_P1M_Continuous_H_sum,,P1M,Continuous,sum,H,,,False,creation_failed,"Status 400: {""StatusCode"":400,""Message"":""Profile already exists!""}",,,,,,
computed_P1M_Continuous_H_max_pila,,P1M,Continuous,max,H,,,False,creation_failed,"Status 400: {""StatusCode"":400,""Message"":""Profile already exists!""}",,,,,,
computed_P1M_Continuous_PD_min,,P1M,Continuous,min,PD,,,False,creation_failed,"Status 400: {""StatusCode"":400,""Message"":""Profile already exists!""}",,,,,,
computed_P1M_Continuous_PD_avg_pila,,P1M,Continuous,avg,PD,,,False,creation_failed,"Status 400: {""StatusCode"":400,""Message"":""Profile already exists!""}",,,,,,
computed_P1M_Continuous_H_min,,P1M,Continuous,min,H,,,False,creation_failed,"Status 400: {""StatusCode"":400,""Message"":""Profile already exists!""}",,,,,,
computed_P1M_Continuous_PD_avg,,P1M,Continuous,avg,PD,,,False,creation_failed,"Status 400: {""StatusCode"":400,""Message"":""Profile already exists!""}",,,,,,
computed_P1M_Continuous_PD_max,,P1M,Continuous,max,PD,,,False,creation_failed,"Status 400: {""StatusCode"":400,""Message"":""Profile already exists!""}",,,,,,
computed_P1M_Continuous_PW_avg,,P1M,Continuous,avg,PW,,,False,creation_failed,"Status 400: {""StatusCode"":400,""Message"":""Profile already exists!""}",,,,,,
computed_P1M_Continuous_PD_min_pila,,P1M,Continuous,min,PD,,,False,creation_failed,"Status 400: {""StatusCode"":400,""Message"":""Profile already exists!""}",,,,,,
computed_P1M_Continuous_PD_max_pila,,P1M,Continuous,max,PD,,,False,creation_failed,"Status 400: {""StatusCode"":400,""Message"":""Profile already exists!""}",,,,,,
computed_P1M_Continuous_PD_sum,,P1M,Continuous,sum,PD,,,False,creation_failed,"Status 400: {""StatusCode"":400,""Message"":""Profile already exists!""}",,,,,,
computed_P1M_Continuous_PW_max,,P1M,Continuous,max,PW,,,False,creation_failed,"Status 400: {""StatusCode"":400,""Message"":""Profile already exists!""}",,,,,,
computed_P1M_Continuous_PW_min_pila,,P1M,Continuous,min,PW,,,False,creation_failed,"Status 400: {""StatusCode"":400,""Message"":""Profile already exists!""}",,,,,,
computed_P1M_Continuous_PW_avg_pila,,P1M,Continuous,avg,PW,,,False,creation_failed,"Status 400: {""StatusCode"":400,""Message"":""Profile already exists!""}",,,,,,
computed_P1M_Continuous_PW_max_pila,,P1M,Continuous,max,PW,,,False,creation_failed,"Status 400: {""StatusCode"":400,""Message"":""Profile already exists!""}",,,,,,
computed_P1M_Continuous_PW_min,,P1M,Continuous,min,PW,,,False,creation_failed,"Status 400: {""StatusCode"":400,""Message"":""Profile already exists!""}",,,,,,
computed_P1M_Continuous_PE_min,,P1M,Continuous,min,PE,,,False,creation_failed,"Status 400: {""StatusCode"":400,""Message"":""Profile already exists!""}",,,,,,
computed_P1M_Continuous_PE_sum,,P1M,Continuous,sum,PE,,,False,creation_failed,"Status 400: {""StatusCode"":400,""Message"":""Profile already exists!""}",,,,,,
computed_P1M_Continuous_PE_avg_pila,,P1M,Continuous,avg,PE,,,False,creation_failed,"Status 400: {""StatusCode"":400,""Message"":""Profile already exists!""}",,,,,,
computed_P1M_Continuous_PE_max,,P1M,Continuous,max,PE,,,False,creation_failed,"Status 400: {""StatusCode"":400,""Message"":""Profile already exists!""}",,,,,,
computed_P1M_Continuous_PE_min_pila,,P1M,Continuous,min,PE,,,False,creation_failed,"Status 400: {""StatusCode"":400,""Message"":""Profile already exists!""}",,,,,,
computed_P1M_Continuous_PM_avg_pila,,P1M,Continuous,avg,PM,,,False,creation_failed,"Status 400: {""StatusCode"":400,""Message"":""Profile already exists!""}",,,,,,
computed_P1M_Continuous_PM_avg,,P1M,Continuous,avg,PM,,,False,creation_failed,"Status 400: {""StatusCode"":400,""Message"":""Profile already exists!""}",,,,,,
computed_P1M_Continuous_PE_avg,,P1M,Continuous,avg,PE,,,False,creation_failed,"Status 400: {""StatusCode"":400,""Message"":""Profile already exists!""}",,,,,,
computed_P1M_Continuous_PM_min,,P1M,Continuous,min,PM,,,False,creation_failed,"Status 400: {""StatusCode"":400,""Message"":""Profile already exists!""}",,,,,,
computed_P1M_Continuous_PM_sum,,P1M,Continuous,sum,PM,,,False,creation_failed,"Status 400: {""StatusCode"":400,""Message"":""Profile already exists!""}",,,,,,
computed_P1M_Continuous_PE_max_pila,,P1M,Continuous,max,PE,,,False,creation_failed,"Status 400: {""StatusCode"":400,""Message"":""Profile already exists!""}",,,,,,
computed_P1M_Continuous_PW_sum,,P1M,Continuous,sum,PW,,,False,creation_failed,"Status 400: {""StatusCode"":400,""Message"":""Profile already exists!""}",,,,,,
computed_P1M_Continuous_PM_max,,P1M,Continuous,max,PM,,,False,creation_failed,"Status 400: {""StatusCode"":400,""Message"":""Profile already exists!""}",,,,,,
computed_P1M_Continuous_PQ_min,,P1M,Continuous,min,PQ,,,False,creation_failed,"Status 400: {""StatusCode"":400,""Message"":""Profile already exists!""}",,,,,,
computed_P1M_Continuous_PQ_avg,,P1M,Continuous,avg,PQ,,,False,creation_failed,"Status 400: {""StatusCode"":400,""Message"":""Profile already exists!""}",,,,,,
computed_P1M_Continuous_PQ_sum,,P1M,Continuous,sum,PQ,,,False,creation_failed,"Status 400: {""StatusCode"":400,""Message"":""Profile already exists!""}",,,,,,
computed_P1M_Continuous_PM_min_pila,,P1M,Continuous,min,PM,,,False,creation_failed,"Status 400: {""StatusCode"":400,""Message"":""Profile already exists!""}",,,,,,
computed_P1M_Continuous_PM_max_pila,,P1M,Continuous,max,PM,,,False,creation_failed,"Status 400: {""StatusCode"":400,""Message"":""Profile already exists!""}",,,,,,
computed_P1M_Continuous_PQ_max,,P1M,Continuous,max,PQ,,,False,creation_failed,"Status 400: {""StatusCode"":400,""Message"":""Profile already exists!""}",,,,,,
computed_P1M_Continuous_PQ_max_pila,,P1M,Continuous,max,PQ,,,False,creation_failed,"Status 400: {""StatusCode"":400,""Message"":""Profile already exists!""}",,,,,,
computed_P1M_Continuous_PY_avg_pila,,P1M,Continuous,avg,PY,,,False,creation_failed,"Status 400: {""StatusCode"":400,""Message"":""Profile already exists!""}",,,,,,
computed_P1M_Continuous_PY_avg,,P1M,Continuous,avg,PY,,,False,creation_failed,"Status 400: {""StatusCode"":400,""Message"":""Profile already exists!""}",,,,,,
computed_P1M_Continuous_PQ_avg_pila,,P1M,Continuous,avg,PQ,,,False,creation_failed,"Status 400: {""StatusCode"":400,""Message"":""Profile already exists!""}",,,,,,
computed_P1M_Continuous_PY_max,,P1M,Continuous,max,PY,,,False,creation_failed,"Status 400: {""StatusCode"":400,""Message"":""Profile already exists!""}",,,,,,
computed_P1M_Continuous_PY_min_pila,,P1M,Continuous,min,PY,,,False,creation_failed,"Status 400: {""StatusCode"":400,""Message"":""Profile already exists!""}",,,,,,
computed_P1M_Continuous_PY_sum,,P1M,Continuous,sum,PY,,,False,creation_failed,"Status 400: {""StatusCode"":400,""Message"":""Profile already exists!""}",,,,,,
computed_P1M_Continuous_PY_min,,P1M,Continuous,min,PY,,,False,creation_failed,"Status 400: {""StatusCode"":400,""Message"":""Profile already exists!""}",,,,,,
computed_P3M_Quantitative_H_min,,P3M,Quantitative,min,H,,,False,creation_failed,"Status 400: {""StatusCode"":400,""Message"":""Profile already exists!""}",,,,,,
computed_P3M_Quantitative_H_max_pila,,P3M,Quantitative,max,H,,,False,creation_failed,"Status 400: {""StatusCode"":400,""Message"":""Profile already exists!""}",,,,,,
computed_P3M_Quantitative_H_avg,,P3M,Quantitative,avg,H,,,False,creation_failed,"Status 400: {""StatusCode"":400,""Message"":""Profile already exists!""}",,,,,,
computed_P1M_Continuous_PQ_min_pila,,P1M,Continuous,min,PQ,,,False,creation_failed,"Status 400: {""StatusCode"":400,""Message"":""Profile already exists!""}",,,,,,
computed_P3M_Quantitative_H_max,,P3M,Quantitative,max,H,,,False,creation_failed,"Status 400: {""StatusCode"":400,""Message"":""Profile already exists!""}",,,,,,
computed_P3M_Quantitative_H_sum,,P3M,Quantitative,sum,H,,,False,creation_failed,"Status 400: {""StatusCode"":400,""Message"":""Profile already exists!""}",,,,,,
computed_P1M_Continuous_PY_max_pila,,P1M,Continuous,max,PY,,,False,creation_failed,"Status 400: {""StatusCode"":400,""Message"":""Profile already exists!""}",,,,,,
computed_P3M_Quantitative_H_min_pila,,P3M,Quantitative,min,H,,,False,creation_failed,"Status 400: {""StatusCode"":400,""Message"":""Profile already exists!""}",,,,,,
computed_P3M_Quantitative_H_avg_pila,,P3M,Quantitative,avg,H,,,False,creation_failed,"Status 400: {""StatusCode"":400,""Message"":""Profile already exists!""}",,,,,,
computed_P3M_Quantitative_PD_avg_pila,,P3M,Quantitative,avg,PD,,,False,creation_failed,"Status 400: {""StatusCode"":400,""Message"":""Profile already exists!""}",,,,,,
computed_P3M_Quantitative_PD_min,,P3M,Quantitative,min,PD,,,False,creation_failed,"Status 400: {""StatusCode"":400,""Message"":""Profile already exists!""}",,,,,,
computed_P3M_Quantitative_PD_max_pila,,P3M,Quantitative,max,PD,,,False,creation_failed,"Status 400: {""StatusCode"":400,""Message"":""Profile already exists!""}",,,,,,
computed_P3M_Quantitative_PD_avg,,P3M,Quantitative,avg,PD,,,False,creation_failed,"Status 400: {""StatusCode"":400,""Message"":""Profile already exists!""}",,,,,,
computed_P3M_Quantitative_PD_max,,P3M,Quantitative,max,PD,,,False,creation_failed,"Status 400: {""StatusCode"":400,""Message"":""Profile already exists!""}",,,,,,
computed_P3M_Quantitative_PD_sum,,P3M,Quantitative,sum,PD,,,False,creation_failed,"Status 400: {""StatusCode"":400,""Message"":""Profile already exists!""}",,,,,,
computed_P3M_Quantitative_PW_sum,,P3M,Quantitative,sum,PW,,,False,creation_failed,"Status 400: {""StatusCode"":400,""Message"":""Profile already exists!""}",,,,,,
computed_P3M_Quantitative_PE_sum,,P3M,Quantitative,sum,PE,,,False,creation_failed,"Status 400: {""StatusCode"":400,""Message"":""Profile already exists!""}",,,,,,
computed_P3M_Quantitative_PW_max,,P3M,Quantitative,max,PW,,,False,creation_failed,"Status 400: {""StatusCode"":400,""Message"":""Profile already exists!""}",,,,,,
computed_P3M_Quantitative_PW_avg_pila,,P3M,Quantitative,avg,PW,,,False,creation_failed,"Status 400: {""StatusCode"":400,""Message"":""Profile already exists!""}",,,,,,
computed_P3M_Quantitative_PW_avg,,P3M,Quantitative,avg,PW,,,False,creation_failed,"Status 400: {""StatusCode"":400,""Message"":""Profile already exists!""}",,,,,,
computed_P3M_Quantitative_PD_min_pila,,P3M,Quantitative,min,PD,,,False,creation_failed,"Status 400: {""StatusCode"":400,""Message"":""Profile already exists!""}",,,,,,
computed_P3M_Quantitative_PW_min,,P3M,Quantitative,min,PW,,,False,creation_failed,"Status 400: {""StatusCode"":400,""Message"":""Profile already exists!""}",,,,,,
computed_P3M_Quantitative_PW_min_pila,,P3M,Quantitative,min,PW,,,False,creation_failed,"Status 400: {""StatusCode"":400,""Message"":""Profile already exists!""}",,,,,,
computed_P3M_Quantitative_PE_avg,,P3M,Quantitative,avg,PE,,,False,creation_failed,"Status 400: {""StatusCode"":400,""Message"":""Profile already exists!""}",,,,,,
computed_P3M_Quantitative_PE_avg_pila,,P3M,Quantitative,avg,PE,,,False,creation_failed,"Status 400: {""StatusCode"":400,""Message"":""Profile already exists!""}",,,,,,
computed_P3M_Quantitative_PE_min,,P3M,Quantitative,min,PE,,,False,creation_failed,"Status 400: {""StatusCode"":400,""Message"":""Profile already exists!""}",,,,,,
computed_P3M_Quantitative_PE_max,,P3M,Quantitative,max,PE,,,False,creation_failed,"Status 400: {""StatusCode"":400,""Message"":""Profile already exists!""}",,,,,,
computed_P3M_Quantitative_PM_sum,,P3M,Quantitative,sum,PM,,,False,creation_failed,"Status 400: {""StatusCode"":400,""Message"":""Profile already exists!""}",,,,,,
computed_P3M_Quantitative_PW_max_pila,,P3M,Quantitative,max,PW,,,False,creation_failed,"Status 400: {""StatusCode"":400,""Message"":""Profile already exists!""}",,,,,,
computed_P3M_Quantitative_PE_min_pila,,P3M,Quantitative,min,PE,,,False,creation_failed,"Status 400: {""StatusCode"":400,""Message"":""Profile already exists!""}",,,,,,
computed_P3M_Quantitative_PQ_avg_pila,,P3M,Quantitative,avg,PQ,,,False,creation_failed,"Status 400: {""StatusCode"":400,""Message"":""Profile already exists!""}",,,,,,
computed_P3M_Quantitative_PM_avg_pila,,P3M,Quantitative,avg,PM,,,False,creation_failed,"Status 400: {""StatusCode"":400,""Message"":""Profile already exists!""}",,,,,,
computed_P3M_Quantitative_PM_min,,P3M,Quantitative,min,PM,,,False,creation_failed,"Status 400: {""StatusCode"":400,""Message"":""Profile already exists!""}",,,,,,
computed_P3M_Quantitative_PM_max,,P3M,Quantitative,max,PM,,,False,creation_failed,"Status 400: {""StatusCode"":400,""Message"":""Profile already exists!""}",,,,,,
computed_P3M_Quantitative_PM_min_pila,,P3M,Quantitative,min,PM,,,False,creation_failed,"Status 400: {""StatusCode"":400,""Message"":""Profile already exists!""}",,,,,,
computed_P3M_Quantitative_PQ_min_pila,,P3M,Quantitative,min,PQ,,,False,creation_failed,"Status 400: {""StatusCode"":400,""Message"":""Profile already exists!""}",,,,,,
computed_P3M_Quantitative_PQ_avg,,P3M,Quantitative,avg,PQ,,,False,creation_failed,"Status 400: {""StatusCode"":400,""Message"":""Profile already exists!""}",,,,,,
computed_P3M_Quantitative_PE_max_pila,,P3M,Quantitative,max,PE,,,False,creation_failed,"Status 400: {""StatusCode"":400,""Message"":""Profile already exists!""}",,,,,,
computed_P3M_Quantitative_PQ_sum,,P3M,Quantitative,sum,PQ,,,False,creation_failed,"Status 400: {""StatusCode"":400,""Message"":""Profile already exists!""}",,,,,,
computed_P3M_Quantitative_PM_max_pila,,P3M,Quantitative,max,PM,,,False,creation_failed,"Status 400: {""StatusCode"":400,""Message"":""Profile already exists!""}",,,,,,
computed_P3M_Quantitative_PY_sum,,P3M,Quantitative,sum,PY,,,False,creation_failed,"Status 400: {""StatusCode"":400,""Message"":""Profile already exists!""}",,,,,,
computed_P3M_Quantitative_PY_min_pila,,P3M,Quantitative,min,PY,,,False,creation_failed,"Status 400: {""StatusCode"":400,""Message"":""Profile already exists!""}",,,,,,
computed_P3M_Quantitative_PM_avg,,P3M,Quantitative,avg,PM,,,False,creation_failed,"Status 400: {""StatusCode"":400,""Message"":""Profile already exists!""}",,,,,,
computed_P3M_Quantitative_PQ_max_pila,,P3M,Quantitative,max,PQ,,,False,creation_failed,"Status 400: {""StatusCode"":400,""Message"":""Profile already exists!""}",,,,,,
computed_P3M_Quantitative_PQ_max,,P3M,Quantitative,max,PQ,,,False,creation_failed,"Status 400: {""StatusCode"":400,""Message"":""Profile already exists!""}",,,,,,
computed_P3M_Quantitative_PY_min,,P3M,Quantitative,min,PY,,,False,creation_failed,"Status 400: {""StatusCode"":400,""Message"":""Profile already exists!""}",,,,,,
computed_P3M_Quantitative_PY_avg_pila,,P3M,Quantitative,avg,PY,,,False,creation_failed,"Status 400: {""StatusCode"":400,""Message"":""Profile already exists!""}",,,,,,
computed_P3M_Quantitative_PY_max_pila,,P3M,Quantitative,max,PY,,,False,creation_failed,"Status 400: {""StatusCode"":400,""Message"":""Profile already exists!""}",,,,,,
computed_P3M_Continuous_H_sum,,P3M,Continuous,sum,H,,,False,creation_failed,"Status 400: {""StatusCode"":400,""Message"":""Profile already exists!""}",,,,,,
computed_P3M_Quantitative_PY_max,,P3M,Quantitative,max,PY,,,False,creation_failed,"Status 400: {""StatusCode"":400,""Message"":""Profile already exists!""}",,,,,,
computed_P3M_Continuous_H_avg_pila,,P3M,Continuous,avg,H,,,False,creation_failed,"Status 400: {""StatusCode"":400,""Message"":""Profile already exists!""}",,,,,,
computed_P3M_Continuous_H_avg,,P3M,Continuous,avg,H,,,False,creation_failed,"Status 400: {""StatusCode"":400,""Message"":""Profile already exists!""}",,,,,,
computed_P3M_Continuous_H_min_pila,,P3M,Continuous,min,H,,,False,creation_failed,"Status 400: {""StatusCode"":400,""Message"":""Profile already exists!""}",,,,,,
computed_P3M_Continuous_PD_avg_pila,,P3M,Continuous,avg,PD,,,False,creation_failed,"Status 400: {""StatusCode"":400,""Message"":""Profile already exists!""}",,,,,,
computed_P3M_Quantitative_PQ_min,,P3M,Quantitative,min,PQ,,,False,creation_failed,"Status 400: {""StatusCode"":400,""Message"":""Profile already exists!""}",,,,,,
computed_P3M_Quantitative_PY_avg,,P3M,Quantitative,avg,PY,,,False,creation_failed,"Status 400: {""StatusCode"":400,""Message"":""Profile already exists!""}",,,,,,
computed_P3M_Continuous_PD_avg,,P3M,Continuous,avg,PD,,,False,creation_failed,"Status 400: {""StatusCode"":400,""Message"":""Profile already exists!""}",,,,,,
computed_P3M_Continuous_H_max_pila,,P3M,Continuous,max,H,,,False,creation_failed,"Status 400: {""StatusCode"":400,""Message"":""Profile already exists!""}",,,,,,
computed_P3M_Continuous_H_min,,P3M,Continuous,min,H,,,False,creation_failed,"Status 400: {""StatusCode"":400,""Message"":""Profile already exists!""}",,,,,,
computed_P3M_Continuous_PW_avg,,P3M,Continuous,avg,PW,,,False,creation_failed,"Status 400: {""StatusCode"":400,""Message"":""Profile already exists!""}",,,,,,
computed_P3M_Continuous_H_max,,P3M,Continuous,max,H,,,False,creation_failed,"Status 400: {""StatusCode"":400,""Message"":""Profile already exists!""}",,,,,,
computed_P3M_Continuous_PD_sum,,P3M,Continuous,sum,PD,,,False,creation_failed,"Status 400: {""StatusCode"":400,""Message"":""Profile already exists!""}",,,,,,
computed_P3M_Continuous_PW_max_pila,,P3M,Continuous,max,PW,,,False,creation_failed,"Status 400: {""StatusCode"":400,""Message"":""Profile already exists!""}",,,,,,
computed_P3M_Continuous_PD_min,,P3M,Continuous,min,PD,,,False,creation_failed,"Status 400: {""StatusCode"":400,""Message"":""Profile already exists!""}",,,,,,
computed_P3M_Continuous_PW_avg_pila,,P3M,Continuous,avg,PW,,,False,creation_failed,"Status 400: {""StatusCode"":400,""Message"":""Profile already exists!""}",,,,,,
computed_P3M_Continuous_PW_min,,P3M,Continuous,min,PW,,,False,creation_failed,"Status 400: {""StatusCode"":400,""Message"":""Profile already exists!""}",,,,,,
computed_P3M_Continuous_PD_min_pila,,P3M,Continuous,min,PD,,,False,creation_failed,"Status 400: {""StatusCode"":400,""Message"":""Profile already exists!""}",,,,,,
computed_P3M_Continuous_PW_max,,P3M,Continuous,max,PW,,,False,creation_failed,"Status 400: {""StatusCode"":400,""Message"":""Profile already exists!""}",,,,,,
computed_P3M_Continuous_PD_max_pila,,P3M,Continuous,max,PD,,,False,creation_failed,"Status 400: {""StatusCode"":400,""Message"":""Profile already exists!""}",,,,,,
computed_P3M_Continuous_PW_min_pila,,P3M,Continuous,min,PW,,,False,creation_failed,"Status 400: {""StatusCode"":400,""Message"":""Profile already exists!""}",,,,,,
computed_P3M_Continuous_PW_sum,,P3M,Continuous,sum,PW,,,False,creation_failed,"Status 400: {""StatusCode"":400,""Message"":""Profile already exists!""}",,,,,,
computed_P3M_Continuous_PE_sum,,P3M,Continuous,sum,PE,,,False,creation_failed,"Status 400: {""StatusCode"":400,""Message"":""Profile already exists!""}",,,,,,
computed_P3M_Continuous_PE_avg,,P3M,Continuous,avg,PE,,,False,creation_failed,"Status 400: {""StatusCode"":400,""Message"":""Profile already exists!""}",,,,,,
computed_P3M_Continuous_PE_avg_pila,,P3M,Continuous,avg,PE,,,False,creation_failed,"Status 400: {""StatusCode"":400,""Message"":""Profile already exists!""}",,,,,,
computed_P3M_Continuous_PE_min,,P3M,Continuous,min,PE,,,False,creation_failed,"Status 400: {""StatusCode"":400,""Message"":""Profile already exists!""}",,,,,,
computed_P3M_Continuous_PD_max,,P3M,Continuous,max,PD,,,False,creation_failed,"Status 400: {""StatusCode"":400,""Message"":""Profile already exists!""}",,,,,,
computed_P3M_Continuous_PE_max_pila,,P3M,Continuous,max,PE,,,False,creation_failed,"Status 400: {""StatusCode"":400,""Message"":""Profile already exists!""}",,,,,,
computed_P3M_Continuous_PM_sum,,P3M,Continuous,sum,PM,,,False,creation_failed,"Status 400: {""StatusCode"":400,""Message"":""Profile already exists!""}",,,,,,
computed_P3M_Continuous_PE_max,,P3M,Continuous,max,PE,,,False,creation_failed,"Status 400: {""StatusCode"":400,""Message"":""Profile already exists!""}",,,,,,
computed_P3M_Continuous_PM_max_pila,,P3M,Continuous,max,PM,,,False,creation_failed,"Status 400: {""StatusCode"":400,""Message"":""Profile already exists!""}",,,,,,
computed_P3M_Continuous_PM_avg,,P3M,Continuous,avg,PM,,,False,creation_failed,"Status 400: {""StatusCode"":400,""Message"":""Profile already exists!""}",,,,,,
computed_P3M_Continuous_PM_max,,P3M,Continuous,max,PM,,,False,creation_failed,"Status 400: {""StatusCode"":400,""Message"":""Profile already exists!""}",,,,,,
computed_P3M_Continuous_PM_min,,P3M,Continuous,min,PM,,,False,creation_failed,"Status 400: {""StatusCode"":400,""Message"":""Profile already exists!""}",,,,,,
computed_P3M_Continuous_PM_min_pila,,P3M,Continuous,min,PM,,,False,creation_failed,"Status 400: {""StatusCode"":400,""Message"":""Profile already exists!""}",,,,,,
computed_P3M_Continuous_PM_avg_pila,,P3M,Continuous,avg,PM,,,False,creation_failed,"Status 400: {""StatusCode"":400,""Message"":""Profile already exists!""}",,,,,,
computed_P3M_Continuous_PQ_avg_pila,,P3M,Continuous,avg,PQ,,,False,creation_failed,"Status 400: {""StatusCode"":400,""Message"":""Profile already exists!""}",,,,,,
computed_P3M_Continuous_PE_min_pila,,P3M,Continuous,min,PE,,,False,creation_failed,"Status 400: {""StatusCode"":400,""Message"":""Profile already exists!""}",,,,,,
computed_P3M_Continuous_PQ_sum,,P3M,Continuous,sum,PQ,,,False,creation_failed,"Status 400: {""StatusCode"":400,""Message"":""Profile already exists!""}",,,,,,
computed_P3M_Continuous_PQ_max,,P3M,Continuous,max,PQ,,,False,creation_failed,"Status 400: {""StatusCode"":400,""Message"":""Profile already exists!""}",,,,,,
computed_P3M_Continuous_PQ_min,,P3M,Continuous,min,PQ,,,False,creation_failed,"Status 400: {""StatusCode"":400,""Message"":""Profile already exists!""}",,,,,,
computed_P3M_Continuous_PQ_avg,,P3M,Continuous,avg,PQ,,,False,creation_failed,"Status 400: {""StatusCode"":400,""Message"":""Profile already exists!""}",,,,,,
computed_P3M_Continuous_PY_min_pila,,P3M,Continuous,min,PY,,,False,creation_failed,"Status 400: {""StatusCode"":400,""Message"":""Profile already exists!""}",,,,,,
computed_P3M_Continuous_PY_min,,P3M,Continuous,min,PY,,,False,creation_failed,"Status 400: {""StatusCode"":400,""Message"":""Profile already exists!""}",,,,,,
computed_P3M_Continuous_PQ_min_pila,,P3M,Continuous,min,PQ,,,False,creation_failed,"Status 400: {""StatusCode"":400,""Message"":""Profile already exists!""}",,,,,,
computed_P3M_Continuous_PQ_max_pila,,P3M,Continuous,max,PQ,,,False,creation_failed,"Status 400: {""StatusCode"":400,""Message"":""Profile already exists!""}",,,,,,
computed_P3M_Continuous_PY_avg,,P3M,Continuous,avg,PY,,,False,creation_failed,"Status 400: {""StatusCode"":400,""Message"":""Profile already exists!""}",,,,,,
computed_P6M_Quantitative_H_avg,,P6M,Quantitative,avg,H,,,False,creation_failed,"Status 400: {""StatusCode"":400,""Message"":""Profile already exists!""}",,,,,,
computed_P3M_Continuous_PY_avg_pila,,P3M,Continuous,avg,PY,,,False,creation_failed,"Status 400: {""StatusCode"":400,""Message"":""Profile already exists!""}",,,,,,
computed_P3M_Continuous_PY_sum,,P3M,Continuous,sum,PY,,,False,creation_failed,"Status 400: {""StatusCode"":400,""Message"":""Profile already exists!""}",,,,,,
computed_P3M_Continuous_PY_max_pila,,P3M,Continuous,max,PY,,,False,creation_failed,"Status 400: {""StatusCode"":400,""Message"":""Profile already exists!""}",,,,,,
computed_P6M_Quantitative_H_min_pila,,P6M,Quantitative,min,H,,,False,creation_failed,"Status 400: {""StatusCode"":400,""Message"":""Profile already exists!""}",,,,,,
computed_P6M_Quantitative_H_max_pila,,P6M,Quantitative,max,H,,,False,creation_failed,"Status 400: {""StatusCode"":400,""Message"":""Profile already exists!""}",,,,,,
computed_P6M_Quantitative_H_min,,P6M,Quantitative,min,H,,,False,creation_failed,"Status 400: {""StatusCode"":400,""Message"":""Profile already exists!""}",,,,,,
computed_P6M_Quantitative_PD_avg_pila,,P6M,Quantitative,avg,PD,,,False,creation_failed,"Status 400: {""StatusCode"":400,""Message"":""Profile already exists!""}",,,,,,
computed_P6M_Quantitative_H_avg_pila,,P6M,Quantitative,avg,H,,,False,creation_failed,"Status 400: {""StatusCode"":400,""Message"":""Profile already exists!""}",,,,,,
computed_P6M_Quantitative_PD_avg,,P6M,Quantitative,avg,PD,,,False,creation_failed,"Status 400: {""StatusCode"":400,""Message"":""Profile already exists!""}",,,,,,
computed_P3M_Continuous_PY_max,,P3M,Continuous,max,PY,,,False,creation_failed,"Status 400: {""StatusCode"":400,""Message"":""Profile already exists!""}",,,,,,
computed_P6M_Quantitative_PD_sum,,P6M,Quantitative,sum,PD,,,False,creation_failed,"Status 400: {""StatusCode"":400,""Message"":""Profile already exists!""}",,,,,,
computed_P6M_Quantitative_PD_min,,P6M,Quantitative,min,PD,,,False,creation_failed,"Status 400: {""StatusCode"":400,""Message"":""Profile already exists!""}",,,,,,
computed_P6M_Quantitative_H_max,,P6M,Quantitative,max,H,,,False,creation_failed,"Status 400: {""StatusCode"":400,""Message"":""Profile already exists!""}",,,,,,
computed_P6M_Quantitative_PD_max,,P6M,Quantitative,max,PD,,,False,creation_failed,"Status 400: {""StatusCode"":400,""Message"":""Profile already exists!""}",,,,,,
computed_P6M_Quantitative_PW_sum,,P6M,Quantitative,sum,PW,,,False,creation_failed,"Status 400: {""StatusCode"":400,""Message"":""Profile already exists!""}",,,,,,
computed_P6M_Quantitative_PW_max,,P6M,Quantitative,max,PW,,,False,creation_failed,"Status 400: {""StatusCode"":400,""Message"":""Profile already exists!""}",,,,,,
computed_P6M_Quantitative_PW_min,,P6M,Quantitative,min,PW,,,False,creation_failed,"Status 400: {""StatusCode"":400,""Message"":""Profile already exists!""}",,,,,,
computed_P6M_Quantitative_PD_max_pila,,P6M,Quantitative,max,PD,,,False,creation_failed,"Status 400: {""StatusCode"":400,""Message"":""Profile already exists!""}",,,,,,
computed_P6M_Quantitative_PD_min_pila,,P6M,Quantitative,min,PD,,,False,creation_failed,"Status 400: {""StatusCode"":400,""Message"":""Profile already exists!""}",,,,,,
computed_P6M_Quantitative_PW_avg,,P6M,Quantitative,avg,PW,,,False,creation_failed,"Status 400: {""StatusCode"":400,""Message"":""Profile already exists!""}",,,,,,
computed_P6M_Quantitative_H_sum,,P6M,Quantitative,sum,H,,,False,creation_failed,"Status 400: {""StatusCode"":400,""Message"":""Profile already exists!""}",,,,,,
computed_P6M_Quantitative_PW_min_pila,,P6M,Quantitative,min,PW,,,False,creation_failed,"Status 400: {""StatusCode"":400,""Message"":""Profile already exists!""}",,,,,,
computed_P6M_Quantitative_PE_avg,,P6M,Quantitative,avg,PE,,,False,creation_failed,"Status 400: {""StatusCode"":400,""Message"":""Profile already exists!""}",,,,,,
computed_P6M_Quantitative_PW_avg_pila,,P6M,Quantitative,avg,PW,,,False,creation_failed,"Status 400: {""StatusCode"":400,""Message"":""Profile already exists!""}",,,,,,
computed_P6M_Quantitative_PE_min,,P6M,Quantitative,min,PE,,,False,creation_failed,"Status 400: {""StatusCode"":400,""Message"":""Profile already exists!""}",,,,,,
computed_P6M_Quantitative_PE_sum,,P6M,Quantitative,sum,PE,,,False,creation_failed,"Status 400: {""StatusCode"":400,""Message"":""Profile already exists!""}",,,,,,
computed_P6M_Quantitative_PM_sum,,P6M,Quantitative,sum,PM,,,False,creation_failed,"Status 400: {""StatusCode"":400,""Message"":""Profile already exists!""}",,,,,,
computed_P6M_Quantitative_PE_min_pila,,P6M,Quantitative,min,PE,,,False,creation_failed,"Status 400: {""StatusCode"":400,""Message"":""Profile already exists!""}",,,,,,
computed_P6M_Quantitative_PW_max_pila,,P6M,Quantitative,max,PW,,,False,creation_failed,"Status 400: {""StatusCode"":400,""Message"":""Profile already exists!""}",,,,,,
computed_P6M_Quantitative_PM_avg_pila,,P6M,Quantitative,avg,PM,,,False,creation_failed,"Status 400: {""StatusCode"":400,""Message"":""Profile already exists!""}",,,,,,
computed_P6M_Quantitative_PE_max_pila,,P6M,Quantitative,max,PE,,,False,creation_failed,"Status 400: {""StatusCode"":400,""Message"":""Profile already exists!""}",,,,,,
computed_P6M_Quantitative_PE_max,,P6M,Quantitative,max,PE,,,False,creation_failed,"Status 400: {""StatusCode"":400,""Message"":""Profile already exists!""}",,,,,,
computed_P6M_Quantitative_PQ_min,,P6M,Quantitative,min,PQ,,,False,creation_failed,"Status 400: {""StatusCode"":400,""Message"":""Profile already exists!""}",,,,,,
computed_P6M_Quantitative_PM_max,,P6M,Quantitative,max,PM,,,False,creation_failed,"Status 400: {""StatusCode"":400,""Message"":""Profile already exists!""}",,,,,,
computed_P6M_Quantitative_PM_max_pila,,P6M,Quantitative,max,PM,,,False,creation_failed,"Status 400: {""StatusCode"":400,""Message"":""Profile already exists!""}",,,,,,
computed_P6M_Quantitative_PQ_avg_pila,,P6M,Quantitative,avg,PQ,,,False,creation_failed,"Status 400: {""StatusCode"":400,""Message"":""Profile already exists!""}",,,,,,
computed_P6M_Quantitative_PQ_avg,,P6M,Quantitative,avg,PQ,,,False,creation_failed,"Status 400: {""StatusCode"":400,""Message"":""Profile already exists!""}",,,,,,
computed_P6M_Quantitative_PE_avg_pila,,P6M,Quantitative,avg,PE,,,False,creation_failed,"Status 400: {""StatusCode"":400,""Message"":""Profile already exists!""}",,,,,,
computed_P6M_Quantitative_PM_avg,,P6M,Quantitative,avg,PM,,,False,creation_failed,"Status 400: {""StatusCode"":400,""Message"":""Profile already exists!""}",,,,,,
computed_P6M_Quantitative_PY_sum,,P6M,Quantitative,sum,PY,,,False,creation_failed,"Status 400: {""StatusCode"":400,""Message"":""Profile already exists!""}",,,,,,
computed_P6M_Quantitative_PY_min_pila,,P6M,Quantitative,min,PY,,,False,creation_failed,"Status 400: {""StatusCode"":400,""Message"":""Profile already exists!""}",,,,,,
computed_P6M_Quantitative_PQ_sum,,P6M,Quantitative,sum,PQ,,,False,creation_failed,"Status 400: {""StatusCode"":400,""Message"":""Profile already exists!""}",,,,,,
computed_P6M_Quantitative_PM_min_pila,,P6M,Quantitative,min,PM,,,False,creation_failed,"Status 400: {""StatusCode"":400,""Message"":""Profile already exists!""}",,,,,,
computed_P6M_Quantitative_PQ_max,,P6M,Quantitative,max,PQ,,,False,creation_failed,"Status 400: {""StatusCode"":400,""Message"":""Profile already exists!""}",,,,,,
computed_P6M_Quantitative_PY_min,,P6M,Quantitative,min,PY,,,False,creation_failed,"Status 400: {""StatusCode"":400,""Message"":""Profile already exists!""}",,,,,,
computed_P6M_Quantitative_PY_avg_pila,,P6M,Quantitative,avg,PY,,,False,creation_failed,"Status 400: {""StatusCode"":400,""Message"":""Profile already exists!""}",,,,,,
computed_P6M_Quantitative_PQ_max_pila,,P6M,Quantitative,max,PQ,,,False,creation_failed,"Status 400: {""StatusCode"":400,""Message"":""Profile already exists!""}",,,,,,
computed_P6M_Quantitative_PQ_min_pila,,P6M,Quantitative,min,PQ,,,False,creation_failed,"Status 400: {""StatusCode"":400,""Message"":""Profile already exists!""}",,,,,,
computed_P6M_Quantitative_PY_avg,,P6M,Quantitative,avg,PY,,,False,creation_failed,"Status 400: {""StatusCode"":400,""Message"":""Profile already exists!""}",,,,,,
computed_P6M_Quantitative_PM_min,,P6M,Quantitative,min,PM,,,False,creation_failed,"Status 400: {""StatusCode"":400,""Message"":""Profile already exists!""}",,,,,,
computed_P6M_Continuous_H_avg_pila,,P6M,Continuous,avg,H,,,False,creation_failed,"Status 400: {""StatusCode"":400,""Message"":""Profile already exists!""}",,,,,,
computed_P6M_Quantitative_PY_max_pila,,P6M,Quantitative,max,PY,,,False,creation_failed,"Status 400: {""StatusCode"":400,""Message"":""Profile already exists!""}",,,,,,
computed_P6M_Quantitative_PY_max,,P6M,Quantitative,max,PY,,,False,creation_failed,"Status 400: {""StatusCode"":400,""Message"":""Profile already exists!""}",,,,,,
computed_P6M_Continuous_H_min,,P6M,Continuous,min,H,,,False,creation_failed,"Status 400: {""StatusCode"":400,""Message"":""Profile already exists!""}",,,,,,
computed_P6M_Continuous_H_sum,,P6M,Continuous,sum,H,,,False,creation_failed,"Status 400: {""StatusCode"":400,""Message"":""Profile already exists!""}",,,,,,
computed_P6M_Continuous_H_min_pila,,P6M,Continuous,min,H,,,False,creation_failed,"Status 400: {""StatusCode"":400,""Message"":""Profile already exists!""}",,,,,,
computed_P6M_Continuous_PD_avg,,P6M,Continuous,avg,PD,,,False,creation_failed,"Status 400: {""StatusCode"":400,""Message"":""Profile already exists!""}",,,,,,
computed_P6M_Continuous_PD_sum,,P6M,Continuous,sum,PD,,,False,creation_failed,"Status 400: {""StatusCode"":400,""Message"":""Profile already exists!""}",,,,,,
computed_P6M_Continuous_PD_avg_pila,,P6M,Continuous,avg,PD,,,False,creation_failed,"Status 400: {""StatusCode"":400,""Message"":""Profile already exists!""}",,,,,,
computed_P6M_Continuous_H_max,,P6M,Continuous,max,H,,,False,creation_failed,"Status 400: {""StatusCode"":400,""Message"":""Profile already exists!""}",,,,,,
computed_P6M_Continuous_PD_min_pila,,P6M,Continuous,min,PD,,,False,creation_failed,"Status 400: {""StatusCode"":400,""Message"":""Profile already exists!""}",,,,,,
computed_P6M_Continuous_PD_max,,P6M,Continuous,max,PD,,,False,creation_failed,"Status 400: {""StatusCode"":400,""Message"":""Profile already exists!""}",,,,,,
computed_P6M_Continuous_PD_min,,P6M,Continuous,min,PD,,,False,creation_failed,"Status 400: {""StatusCode"":400,""Message"":""Profile already exists!""}",,,,,,
computed_P6M_Continuous_H_avg,,P6M,Continuous,avg,H,,,False,creation_failed,"Status 400: {""StatusCode"":400,""Message"":""Profile already exists!""}",,,,,,
computed_P6M_Continuous_PD_max_pila,,P6M,Continuous,max,PD,,,False,creation_failed,"Status 400: {""StatusCode"":400,""Message"":""Profile already exists!""}",,,,,,
computed_P6M_Continuous_PW_min,,P6M,Continuous,min,PW,,,False,creation_failed,"Status 400: {""StatusCode"":400,""Message"":""Profile already exists!""}",,,,,,
computed_P6M_Continuous_PW_avg,,P6M,Continuous,avg,PW,,,False,creation_failed,"Status 400: {""StatusCode"":400,""Message"":""Profile already exists!""}",,,,,,
computed_P6M_Continuous_PW_max,,P6M,Continuous,max,PW,,,False,creation_failed,"Status 400: {""StatusCode"":400,""Message"":""Profile already exists!""}",,,,,,
computed_P6M_Continuous_PW_max_pila,,P6M,Continuous,max,PW,,,False,creation_failed,"Status 400: {""StatusCode"":400,""Message"":""Profile already exists!""}",,,,,,
computed_P6M_Continuous_PW_avg_pila,,P6M,Continuous,avg,PW,,,False,creation_failed,"Status 400: {""StatusCode"":400,""Message"":""Profile already exists!""}",,,,,,
computed_P6M_Continuous_PE_sum,,P6M,Continuous,sum,PE,,,False,creation_failed,"Status 400: {""StatusCode"":400,""Message"":""Profile already exists!""}",,,,,,
computed_P6M_Continuous_PE_avg_pila,,P6M,Continuous,avg,PE,,,False,creation_failed,"Status 400: {""StatusCode"":400,""Message"":""Profile already exists!""}",,,,,,
computed_P6M_Continuous_PW_min_pila,,P6M,Continuous,min,PW,,,False,creation_failed,"Status 400: {""StatusCode"":400,""Message"":""Profile already exists!""}",,,,,,
computed_P6M_Continuous_H_max_pila,,P6M,Continuous,max,H,,,False,creation_failed,"Status 400: {""StatusCode"":400,""Message"":""Profile already exists!""}",,,,,,
computed_P6M_Continuous_PW_sum,,P6M,Continuous,sum,PW,,,False,creation_failed,"Status 400: {""StatusCode"":400,""Message"":""Profile already exists!""}",,,,,,
computed_P6M_Continuous_PE_avg,,P6M,Continuous,avg,PE,,,False,creation_failed,"Status 400: {""StatusCode"":400,""Message"":""Profile already exists!""}",,,,,,
computed_P6M_Continuous_PE_max_pila,,P6M,Continuous,max,PE,,,False,creation_failed,"Status 400: {""StatusCode"":400,""Message"":""Profile already exists!""}",,,,,,
computed_P6M_Continuous_PM_min,,P6M,Continuous,min,PM,,,False,creation_failed,"Status 400: {""StatusCode"":400,""Message"":""Profile already exists!""}",,,,,,
computed_P6M_Continuous_PM_avg,,P6M,Continuous,avg,PM,,,False,creation_failed,"Status 400: {""StatusCode"":400,""Message"":""Profile already exists!""}",,,,,,
computed_P6M_Continuous_PM_avg_pila,,P6M,Continuous,avg,PM,,,False,creation_failed,"Status 400: {""StatusCode"":400,""Message"":""Profile already exists!""}",,,,,,
computed_P6M_Continuous_PE_min,,P6M,Continuous,min,PE,,,False,creation_failed,"Status 400: {""StatusCode"":400,""Message"":""Profile already exists!""}",,,,,,
computed_P6M_Continuous_PE_max,,P6M,Continuous,max,PE,,,False,creation_failed,"Status 400: {""StatusCode"":400,""Message"":""Profile already exists!""}",,,,,,
computed_P6M_Continuous_PE_min_pila,,P6M,Continuous,min,PE,,,False,creation_failed,"Status 400: {""StatusCode"":400,""Message"":""Profile already exists!""}",,,,,,
computed_P6M_Continuous_PM_max_pila,,P6M,Continuous,max,PM,,,False,creation_failed,"Status 400: {""StatusCode"":400,""Message"":""Profile already exists!""}",,,,,,
computed_P6M_Continuous_PQ_avg,,P6M,Continuous,avg,PQ,,,False,creation_failed,"Status 400: {""StatusCode"":400,""Message"":""Profile already exists!""}",,,,,,
computed_P6M_Continuous_PM_min_pila,,P6M,Continuous,min,PM,,,False,creation_failed,"Status 400: {""StatusCode"":400,""Message"":""Profile already exists!""}",,,,,,
computed_P6M_Continuous_PQ_avg_pila,,P6M,Continuous,avg,PQ,,,False,creation_failed,"Status 400: {""StatusCode"":400,""Message"":""Profile already exists!""}",,,,,,
computed_P6M_Continuous_PY_avg,,P6M,Continuous,avg,PY,,,False,creation_failed,"Status 400: {""StatusCode"":400,""Message"":""Profile already exists!""}",,,,,,
computed_P6M_Continuous_PY_sum,,P6M,Continuous,sum,PY,,,False,creation_failed,"Status 400: {""StatusCode"":400,""Message"":""Profile already exists!""}",,,,,,
computed_P6M_Continuous_PM_sum,,P6M,Continuous,sum,PM,,,False,creation_failed,"Status 400: {""StatusCode"":400,""Message"":""Profile already exists!""}",,,,,,
computed_P6M_Continuous_PQ_min,,P6M,Continuous,min,PQ,,,False,creation_failed,"Status 400: {""StatusCode"":400,""Message"":""Profile already exists!""}",,,,,,
computed_P6M_Continuous_PM_max,,P6M,Continuous,max,PM,,,False,creation_failed,"Status 400: {""StatusCode"":400,""Message"":""Profile already exists!""}",,,,,,
computed_P6M_Continuous_PQ_sum,,P6M,Continuous,sum,PQ,,,False,creation_failed,"Status 400: {""StatusCode"":400,""Message"":""Profile already exists!""}",,,,,,
computed_P6M_Continuous_PY_avg_pila,,P6M,Continuous,avg,PY,,,False,creation_failed,"Status 400: {""StatusCode"":400,""Message"":""Profile already exists!""}",,,,,,
computed_P6M_Continuous_PY_min,,P6M,Continuous,min,PY,,,False,creation_failed,"Status 400: {""StatusCode"":400,""Message"":""Profile already exists!""}",,,,,,
computed_P6M_Continuous_PQ_max,,P6M,Continuous,max,PQ,,,False,creation_failed,"Status 400: {""StatusCode"":400,""Message"":""Profile already exists!""}",,,,,,
computed_P6M_Continuous_PY_max_pila,,P6M,Continuous,max,PY,,,False,creation_failed,"Status 400: {""StatusCode"":400,""Message"":""Profile already exists!""}",,,,,,
computed_P6M_Continuous_PQ_min_pila,,P6M,Continuous,min,PQ,,,False,creation_failed,"Status 400: {""StatusCode"":400,""Message"":""Profile already exists!""}",,,,,,
computed_P1W_Quantitative_H_min_pila,,P1W,Quantitative,min,H,,,False,creation_failed,"Status 400: {""StatusCode"":400,""Message"":""Unsupported period (P7D, 4.00:00:00, CET)""}",,,,,,
computed_P1W_Quantitative_H_avg,,P1W,Quantitative,avg,H,,,False,creation_failed,"Status 400: {""StatusCode"":400,""Message"":""Unsupported period (P7D, 4.00:00:00, CET)""}",,,,,,
computed_P6M_Continuous_PY_min_pila,,P6M,Continuous,min,PY,,,False,creation_failed,"Status 400: {""StatusCode"":400,""Message"":""Profile already exists!""}",,,,,,
computed_P6M_Continuous_PY_max,,P6M,Continuous,max,PY,,,False,creation_failed,"Status 400: {""StatusCode"":400,""Message"":""Profile already exists!""}",,,,,,
computed_P6M_Continuous_PQ_max_pila,,P6M,Continuous,max,PQ,,,False,creation_failed,"Status 400: {""StatusCode"":400,""Message"":""Profile already exists!""}",,,,,,
computed_P1W_Quantitative_H_max_pila,,P1W,Quantitative,max,H,,,False,creation_failed,"Status 400: {""StatusCode"":400,""Message"":""Unsupported period (P7D, 4.00:00:00, CET)""}",,,,,,
computed_P1W_Quantitative_H_min,,P1W,Quantitative,min,H,,,False,creation_failed,"Status 400: {""StatusCode"":400,""Message"":""Unsupported period (P7D, 4.00:00:00, CET)""}",,,,,,
computed_P1W_Quantitative_H_max,,P1W,Quantitative,max,H,,,False,creation_failed,"Status 400: {""StatusCode"":400,""Message"":""Unsupported period (P7D, 4.00:00:00, CET)""}",,,,,,
computed_P1W_Quantitative_H_sum,,P1W,Quantitative,sum,H,,,False,creation_failed,"Status 400: {""StatusCode"":400,""Message"":""Unsupported period (P7D, 4.00:00:00, CET)""}",,,,,,
computed_P1W_Quantitative_H_avg_pila,,P1W,Quantitative,avg,H,,,False,creation_failed,"Status 400: {""StatusCode"":400,""Message"":""Unsupported period (P7D, 4.00:00:00, CET)""}",,,,,,
computed_P1W_Quantitative_PD_min,,P1W,Quantitative,min,PD,,,False,creation_failed,"Status 400: {""StatusCode"":400,""Message"":""Unsupported period (P7D, 4.00:00:00, CET)""}",,,,,,
computed_P1W_Quantitative_PD_avg,,P1W,Quantitative,avg,PD,,,False,creation_failed,"Status 400: {""StatusCode"":400,""Message"":""Unsupported period (P7D, 4.00:00:00, CET)""}",,,,,,
computed_P1W_Quantitative_PD_min_pila,,P1W,Quantitative,min,PD,,,False,creation_failed,"Status 400: {""StatusCode"":400,""Message"":""Unsupported period (P7D, 4.00:00:00, CET)""}",,,,,,
computed_P1W_Quantitative_PD_sum,,P1W,Quantitative,sum,PD,,,False,creation_failed,"Status 400: {""StatusCode"":400,""Message"":""Unsupported period (P7D, 4.00:00:00, CET)""}",,,,,,
computed_P1W_Quantitative_PD_avg_pila,,P1W,Quantitative,avg,PD,,,False,creation_failed,"Status 400: {""StatusCode"":400,""Message"":""Unsupported period (P7D, 4.00:00:00, CET)""}",,,,,,
computed_P1W_Quantitative_PW_sum,,P1W,Quantitative,sum,PW,,,False,creation_failed,"Status 400: {""StatusCode"":400,""Message"":""Unsupported period (P7D, 4.00:00:00, CET)""}",,,,,,
computed_P1W_Quantitative_PD_max_pila,,P1W,Quantitative,max,PD,,,False,creation_failed,"Status 400: {""StatusCode"":400,""Message"":""Unsupported period (P7D, 4.00:00:00, CET)""}",,,,,,
computed_P1W_Quantitative_PD_max,,P1W,Quantitative,max,PD,,,False,creation_failed,"Status 400: {""StatusCode"":400,""Message"":""Unsupported period (P7D, 4.00:00:00, CET)""}",,,,,,
computed_P1W_Quantitative_PW_min,,P1W,Quantitative,min,PW,,,False,creation_failed,"Status 400: {""StatusCode"":400,""Message"":""Unsupported period (P7D, 4.00:00:00, CET)""}",,,,,,
computed_P1W_Quantitative_PE_sum,,P1W,Quantitative,sum,PE,,,False,creation_failed,"Status 400: {""StatusCode"":400,""Message"":""Unsupported period (P7D, 4.00:00:00, CET)""}",,,,,,
computed_P1W_Quantitative_PW_avg,,P1W,Quantitative,avg,PW,,,False,creation_failed,"Status 400: {""StatusCode"":400,""Message"":""Unsupported period (P7D, 4.00:00:00, CET)""}",,,,,,
computed_P1W_Quantitative_PW_max_pila,,P1W,Quantitative,max,PW,,,False,creation_failed,"Status 400: {""StatusCode"":400,""Message"":""Unsupported period (P7D, 4.00:00:00, CET)""}",,,,,,
computed_P1W_Quantitative_PE_min_pila,,P1W,Quantitative,min,PE,,,False,creation_failed,"Status 400: {""StatusCode"":400,""Message"":""Unsupported period (P7D, 4.00:00:00, CET)""}",,,,,,
computed_P1W_Quantitative_PW_min_pila,,P1W,Quantitative,min,PW,,,False,creation_failed,"Status 400: {""StatusCode"":400,""Message"":""Unsupported period (P7D, 4.00:00:00, CET)""}",,,,,,
computed_P1W_Quantitative_PE_max,,P1W,Quantitative,max,PE,,,False,creation_failed,"Status 400: {""StatusCode"":400,""Message"":""Unsupported period (P7D, 4.00:00:00, CET)""}",,,,,,
computed_P1W_Quantitative_PW_avg_pila,,P1W,Quantitative,avg,PW,,,False,creation_failed,"Status 400: {""StatusCode"":400,""Message"":""Unsupported period (P7D, 4.00:00:00, CET)""}",,,,,,
computed_P1W_Quantitative_PE_avg_pila,,P1W,Quantitative,avg,PE,,,False,creation_failed,"Status 400: {""StatusCode"":400,""Message"":""Unsupported period (P7D, 4.00:00:00, CET)""}",,,,,,
computed_P1W_Quantitative_PM_sum,,P1W,Quantitative,sum,PM,,,False,creation_failed,"Status 400: {""StatusCode"":400,""Message"":""Unsupported period (P7D, 4.00:00:00, CET)""}",,,,,,
computed_P1W_Quantitative_PE_max_pila,,P1W,Quantitative,max,PE,,,False,creation_failed,"Status 400: {""StatusCode"":400,""Message"":""Unsupported period (P7D, 4.00:00:00, CET)""}",,,,,,
computed_P1W_Quantitative_PE_min,,P1W,Quantitative,min,PE,,,False,creation_failed,"Status 400: {""StatusCode"":400,""Message"":""Unsupported period (P7D, 4.00:00:00, CET)""}",,,,,,
computed_P1W_Quantitative_PE_avg,,P1W,Quantitative,avg,PE,,,False,creation_failed,"Status 400: {""StatusCode"":400,""Message"":""Unsupported period (P7D, 4.00:00:00, CET)""}",,,,,,
computed_P1W_Quantitative_PM_min,,P1W,Quantitative,min,PM,,,False,creation_failed,"Status 400: {""StatusCode"":400,""Message"":""Unsupported period (P7D, 4.00:00:00, CET)""}",,,,,,
computed_P1W_Quantitative_PW_max,,P1W,Quantitative,max,PW,,,False,creation_failed,"Status 400: {""StatusCode"":400,""Message"":""Unsupported period (P7D, 4.00:00:00, CET)""}",,,,,,
computed_P1W_Quantitative_PM_max,,P1W,Quantitative,max,PM,,,False,creation_failed,"Status 400: {""StatusCode"":400,""Message"":""Unsupported period (P7D, 4.00:00:00, CET)""}",,,,,,
computed_P1W_Quantitative_PQ_avg,,P1W,Quantitative,avg,PQ,,,False,creation_failed,"Status 400: {""StatusCode"":400,""Message"":""Unsupported period (P7D, 4.00:00:00, CET)""}",,,,,,
computed_P1W_Quantitative_PM_min_pila,,P1W,Quantitative,min,PM,,,False,creation_failed,"Status 400: {""StatusCode"":400,""Message"":""Unsupported period (P7D, 4.00:00:00, CET)""}",,,,,,
computed_P1W_Quantitative_PQ_sum,,P1W,Quantitative,sum,PQ,,,False,creation_failed,"Status 400: {""StatusCode"":400,""Message"":""Unsupported period (P7D, 4.00:00:00, CET)""}",,,,,,
computed_P1W_Quantitative_PQ_min,,P1W,Quantitative,min,PQ,,,False,creation_failed,"Status 400: {""StatusCode"":400,""Message"":""Unsupported period (P7D, 4.00:00:00, CET)""}",,,,,,
computed_P1W_Quantitative_PY_avg,,P1W,Quantitative,avg,PY,,,False,creation_failed,"Status 400: {""StatusCode"":400,""Message"":""Unsupported period (P7D, 4.00:00:00, CET)""}",,,,,,
computed_P1W_Quantitative_PM_max_pila,,P1W,Quantitative,max,PM,,,False,creation_failed,"Status 400: {""StatusCode"":400,""Message"":""Unsupported period (P7D, 4.00:00:00, CET)""}",,,,,,
computed_P1W_Quantitative_PQ_max,,P1W,Quantitative,max,PQ,,,False,creation_failed,"Status 400: {""StatusCode"":400,""Message"":""Unsupported period (P7D, 4.00:00:00, CET)""}",,,,,,
computed_P1W_Quantitative_PM_avg_pila,,P1W,Quantitative,avg,PM,,,False,creation_failed,"Status 400: {""StatusCode"":400,""Message"":""Unsupported period (P7D, 4.00:00:00, CET)""}",,,,,,
computed_P1W_Quantitative_PM_avg,,P1W,Quantitative,avg,PM,,,False,creation_failed,"Status 400: {""StatusCode"":400,""Message"":""Unsupported period (P7D, 4.00:00:00, CET)""}",,,,,,
computed_P1W_Quantitative_PY_sum,,P1W,Quantitative,sum,PY,,,False,creation_failed,"Status 400: {""StatusCode"":400,""Message"":""Unsupported period (P7D, 4.00:00:00, CET)""}",,,,,,
computed_P1W_Quantitative_PY_min,,P1W,Quantitative,min,PY,,,False,creation_failed,"Status 400: {""StatusCode"":400,""Message"":""Unsupported period (P7D, 4.00:00:00, CET)""}",,,,,,
computed_P1W_Quantitative_PQ_avg_pila,,P1W,Quantitative,avg,PQ,,,False,creation_failed,"Status 400: {""StatusCode"":400,""Message"":""Unsupported period (P7D, 4.00:00:00, CET)""}",,,,,,
computed_P1W_Quantitative_PY_max_pila,,P1W,Quantitative,max,PY,,,False,creation_failed,"Status 400: {""StatusCode"":400,""Message"":""Unsupported period (P7D, 4.00:00:00, CET)""}",,,,,,
computed_P1W_Continuous_H_avg,,P1W,Continuous,avg,H,,,False,creation_failed,"Status 400: {""StatusCode"":400,""Message"":""Unsupported period (P7D, 4.00:00:00, CET)""}",,,,,,
computed_P1W_Quantitative_PY_max,,P1W,Quantitative,max,PY,,,False,creation_failed,"Status 400: {""StatusCode"":400,""Message"":""Unsupported period (P7D, 4.00:00:00, CET)""}",,,,,,
computed_P1W_Quantitative_PY_avg_pila,,P1W,Quantitative,avg,PY,,,False,creation_failed,"Status 400: {""StatusCode"":400,""Message"":""Unsupported period (P7D, 4.00:00:00, CET)""}",,,,,,
computed_P1W_Continuous_H_sum,,P1W,Continuous,sum,H,,,False,creation_failed,"Status 400: {""StatusCode"":400,""Message"":""Unsupported period (P7D, 4.00:00:00, CET)""}",,,,,,
computed_P1W_Continuous_H_min,,P1W,Continuous,min,H,,,False,creation_failed,"Status 400: {""StatusCode"":400,""Message"":""Unsupported period (P7D, 4.00:00:00, CET)""}",,,,,,
computed_P1W_Continuous_H_avg_pila,,P1W,Continuous,avg,H,,,False,creation_failed,"Status 400: {""StatusCode"":400,""Message"":""Unsupported period (P7D, 4.00:00:00, CET)""}",,,,,,
computed_P1W_Quantitative_PY_min_pila,,P1W,Quantitative,min,PY,,,False,creation_failed,"Status 400: {""StatusCode"":400,""Message"":""Unsupported period (P7D, 4.00:00:00, CET)""}",,,,,,
computed_P1W_Continuous_H_min_pila,,P1W,Continuous,min,H,,,False,creation_failed,"Status 400: {""StatusCode"":400,""Message"":""Unsupported period (P7D, 4.00:00:00, CET)""}",,,,,,
computed_P1W_Continuous_H_max_pila,,P1W,Continuous,max,H,,,False,creation_failed,"Status 400: {""StatusCode"":400,""Message"":""Unsupported period (P7D, 4.00:00:00, CET)""}",,,,,,
computed_P1W_Quantitative_PQ_max_pila,,P1W,Quantitative,max,PQ,,,False,creation_failed,"Status 400: {""StatusCode"":400,""Message"":""Unsupported period (P7D, 4.00:00:00, CET)""}",,,,,,
computed_P1W_Continuous_PD_avg,,P1W,Continuous,avg,PD,,,False,creation_failed,"Status 400: {""StatusCode"":400,""Message"":""Unsupported period (P7D, 4.00:00:00, CET)""}",,,,,,
computed_P1W_Continuous_H_max,,P1W,Continuous,max,H,,,False,creation_failed,"Status 400: {""StatusCode"":400,""Message"":""Unsupported period (P7D, 4.00:00:00, CET)""}",,,,,,
computed_P1W_Quantitative_PQ_min_pila,,P1W,Quantitative,min,PQ,,,False,creation_failed,"Status 400: {""StatusCode"":400,""Message"":""Unsupported period (P7D, 4.00:00:00, CET)""}",,,,,,
computed_P1W_Continuous_PD_min,,P1W,Continuous,min,PD,,,False,creation_failed,"Status 400: {""StatusCode"":400,""Message"":""Unsupported period (P7D, 4.00:00:00, CET)""}",,,,,,
computed_P1W_Continuous_PD_avg_pila,,P1W,Continuous,avg,PD,,,False,creation_failed,"Status 400: {""StatusCode"":400,""Message"":""Unsupported period (P7D, 4.00:00:00, CET)""}",,,,,,
computed_P1W_Continuous_PD_min_pila,,P1W,Continuous,min,PD,,,False,creation_failed,"Status 400: {""StatusCode"":400,""Message"":""Unsupported period (P7D, 4.00:00:00, CET)""}",,,,,,
computed_P1W_Continuous_PD_sum,,P1W,Continuous,sum,PD,,,False,creation_failed,"Status 400: {""StatusCode"":400,""Message"":""Unsupported period (P7D, 4.00:00:00, CET)""}",,,,,,
computed_P1W_Continuous_PW_sum,,P1W,Continuous,sum,PW,,,False,creation_failed,"Status 400: {""StatusCode"":400,""Message"":""Unsupported period (P7D, 4.00:00:00, CET)""}",,,,,,
computed_P1W_Continuous_PW_avg_pila,,P1W,Continuous,avg,PW,,,False,creation_failed,"Status 400: {""StatusCode"":400,""Message"":""Unsupported period (P7D, 4.00:00:00, CET)""}",,,,,,
computed_P1W_Continuous_PW_avg,,P1W,Continuous,avg,PW,,,False,creation_failed,"Status 400: {""StatusCode"":400,""Message"":""Unsupported period (P7D, 4.00:00:00, CET)""}",,,,,,
computed_P1W_Continuous_PW_min_pila,,P1W,Continuous,min,PW,,,False,creation_failed,"Status 400: {""StatusCode"":400,""Message"":""Unsupported period (P7D, 4.00:00:00, CET)""}",,,,,,
computed_P1W_Continuous_PW_min,,P1W,Continuous,min,PW,,,False,creation_failed,"Status 400: {""StatusCode"":400,""Message"":""Unsupported period (P7D, 4.00:00:00, CET)""}",,,,,,
computed_P1W_Continuous_PD_max_pila,,P1W,Continuous,max,PD,,,False,creation_failed,"Status 400: {""StatusCode"":400,""Message"":""Unsupported period (P7D, 4.00:00:00, CET)""}",,,,,,
computed_P1W_Continuous_PE_min,,P1W,Continuous,min,PE,,,False,creation_failed,"Status 400: {""StatusCode"":400,""Message"":""Unsupported period (P7D, 4.00:00:00, CET)""}",,,,,,
computed_P1W_Continuous_PW_max_pila,,P1W,Continuous,max,PW,,,False,creation_failed,"Status 400: {""StatusCode"":400,""Message"":""Unsupported period (P7D, 4.00:00:00, CET)""}",,,,,,
computed_P1W_Continuous_PE_min_pila,,P1W,Continuous,min,PE,,,False,creation_failed,"Status 400: {""StatusCode"":400,""Message"":""Unsupported period (P7D, 4.00:00:00, CET)""}",,,,,,
computed_P1W_Continuous_PE_avg,,P1W,Continuous,avg,PE,,,False,creation_failed,"Status 400: {""StatusCode"":400,""Message"":""Unsupported period (P7D, 4.00:00:00, CET)""}",,,,,,
computed_P1W_Continuous_PE_max,,P1W,Continuous,max,PE,,,False,creation_failed,"Status 400: {""StatusCode"":400,""Message"":""Unsupported period (P7D, 4.00:00:00, CET)""}",,,,,,
computed_P1W_Continuous_PD_max,,P1W,Continuous,max,PD,,,False,creation_failed,"Status 400: {""StatusCode"":400,""Message"":""Unsupported period (P7D, 4.00:00:00, CET)""}",,,,,,
computed_P1W_Continuous_PW_max,,P1W,Continuous,max,PW,,,False,creation_failed,"Status 400: {""StatusCode"":400,""Message"":""Unsupported period (P7D, 4.00:00:00, CET)""}",,,,,,
computed_P1W_Continuous_PE_avg_pila,,P1W,Continuous,avg,PE,,,False,creation_failed,"Status 400: {""StatusCode"":400,""Message"":""Unsupported period (P7D, 4.00:00:00, CET)""}",,,,,,
computed_P1W_Continuous_PM_avg_pila,,P1W,Continuous,avg,PM,,,False,creation_failed,"Status 400: {""StatusCode"":400,""Message"":""Unsupported period (P7D, 4.00:00:00, CET)""}",,,,,,
computed_P1W_Continuous_PE_max_pila,,P1W,Continuous,max,PE,,,False,creation_failed,"Status 400: {""StatusCode"":400,""Message"":""Unsupported period (P7D, 4.00:00:00, CET)""}",,,,,,
computed_P1W_Continuous_PE_sum,,P1W,Continuous,sum,PE,,,False,creation_failed,"Status 400: {""StatusCode"":400,""Message"":""Unsupported period (P7D, 4.00:00:00, CET)""}",,,,,,
computed_P1W_Continuous_PM_min_pila,,P1W,Continuous,min,PM,,,False,creation_failed,"Status 400: {""StatusCode"":400,""Message"":""Unsupported period (P7D, 4.00:00:00, CET)""}",,,,,,
computed_P1W_Continuous_PM_max,,P1W,Continuous,max,PM,,,False,creation_failed,"Status 400: {""StatusCode"":400,""Message"":""Unsupported period (P7D, 4.00:00:00, CET)""}",,,,,,
computed_P1W_Continuous_PM_sum,,P1W,Continuous,sum,PM,,,False,creation_failed,"Status 400: {""StatusCode"":400,""Message"":""Unsupported period (P7D, 4.00:00:00, CET)""}",,,,,,
computed_P1W_Continuous_PM_avg,,P1W,Continuous,avg,PM,,,False,creation_failed,"Status 400: {""StatusCode"":400,""Message"":""Unsupported period (P7D, 4.00:00:00, CET)""}",,,,,,
computed_P1W_Continuous_PM_max_pila,,P1W,Continuous,max,PM,,,False,creation_failed,"Status 400: {""StatusCode"":400,""Message"":""Unsupported period (P7D, 4.00:00:00, CET)""}",,,,,,
computed_P1W_Continuous_PM_min,,P1W,Continuous,min,PM,,,False,creation_failed,"Status 400: {""StatusCode"":400,""Message"":""Unsupported period (P7D, 4.00:00:00, CET)""}",,,,,,
computed_P1W_Continuous_PQ_sum,,P1W,Continuous,sum,PQ,,,False,creation_failed,"Status 400: {""StatusCode"":400,""Message"":""Unsupported period (P7D, 4.00:00:00, CET)""}",,,,,,
computed_P1W_Continuous_PQ_min,,P1W,Continuous,min,PQ,,,False,creation_failed,"Status 400: {""StatusCode"":400,""Message"":""Unsupported period (P7D, 4.00:00:00, CET)""}",,,,,,
computed_P1W_Continuous_PQ_max_pila,,P1W,Continuous,max,PQ,,,False,creation_failed,"Status 400: {""StatusCode"":400,""Message"":""Unsupported period (P7D, 4.00:00:00, CET)""}",,,,,,
computed_P1W_Continuous_PQ_min_pila,,P1W,Continuous,min,PQ,,,False,creation_failed,"Status 400: {""StatusCode"":400,""Message"":""Unsupported period (P7D, 4.00:00:00, CET)""}",,,,,,
computed_P1W_Continuous_PY_min,,P1W,Continuous,min,PY,,,False,creation_failed,"Status 400: {""StatusCode"":400,""Message"":""Unsupported period (P7D, 4.00:00:00, CET)""}",,,,,,
computed_P1W_Continuous_PQ_avg,,P1W,Continuous,avg,PQ,,,False,creation_failed,"Status 400: {""StatusCode"":400,""Message"":""Unsupported period (P7D, 4.00:00:00, CET)""}",,,,,,
computed_P1W_Continuous_PQ_max,,P1W,Continuous,max,PQ,,,False,creation_failed,"Status 400: {""StatusCode"":400,""Message"":""Unsupported period (P7D, 4.00:00:00, CET)""}",,,,,,
computed_P1W_Continuous_PY_max,,P1W,Continuous,max,PY,,,False,creation_failed,"Status 400: {""StatusCode"":400,""Message"":""Unsupported period (P7D, 4.00:00:00, CET)""}",,,,,,
computed_P1W_Continuous_PY_min_pila,,P1W,Continuous,min,PY,,,False,creation_failed,"Status 400: {""StatusCode"":400,""Message"":""Unsupported period (P7D, 4.00:00:00, CET)""}",,,,,,
computed_P1W_Continuous_PY_avg_pila,,P1W,Continuous,avg,PY,,,False,creation_failed,"Status 400: {""StatusCode"":400,""Message"":""Unsupported period (P7D, 4.00:00:00, CET)""}",,,,,,
computed_P1W_Continuous_PQ_avg_pila,,P1W,Continuous,avg,PQ,,,False,creation_failed,"Status 400: {""StatusCode"":400,""Message"":""Unsupported period (P7D, 4.00:00:00, CET)""}",,,,,,
computed_P1W_Continuous_PY_max_pila,,P1W,Continuous,max,PY,,,False,creation_failed,"Status 400: {""StatusCode"":400,""Message"":""Unsupported period (P7D, 4.00:00:00, CET)""}",,,,,,
computed_P1W_Continuous_PY_avg,,P1W,Continuous,avg,PY,,,False,creation_failed,"Status 400: {""StatusCode"":400,""Message"":""Unsupported period (P7D, 4.00:00:00, CET)""}",,,,,,
computed_PT1H_Quantitative_H_min_pila,,PT1H,Quantitative,min,H,,,False,creation_failed,"Status 400: {""StatusCode"":400,""Message"":""Profile already exists!""}",,,,,,
computed_PT1H_Quantitative_H_avg,,PT1H,Quantitative,avg,H,,,False,creation_failed,"Status 400: {""StatusCode"":400,""Message"":""Profile already exists!""}",,,,,,
computed_P1W_Continuous_PY_sum,,P1W,Continuous,sum,PY,,,False,creation_failed,"Status 400: {""StatusCode"":400,""Message"":""Unsupported period (P7D, 4.00:00:00, CET)""}",,,,,,
computed_PT1H_Quantitative_H_sum,,PT1H,Quantitative,sum,H,,,False,creation_failed,"Status 400: {""StatusCode"":400,""Message"":""Profile already exists!""}",,,,,,
computed_PT1H_Quantitative_PD_min,,PT1H,Quantitative,min,PD,,,False,creation_failed,"Status 400: {""StatusCode"":400,""Message"":""Profile already exists!""}",,,,,,
computed_PT1H_Quantitative_H_max_pila,,PT1H,Quantitative,max,H,,,False,creation_failed,"Status 400: {""StatusCode"":400,""Message"":""Profile already exists!""}",,,,,,
computed_PT1H_Quantitative_PD_sum,,PT1H,Quantitative,sum,PD,,,False,creation_failed,"Status 400: {""StatusCode"":400,""Message"":""Profile already exists!""}",,,,,,
computed_PT1H_Quantitative_PD_avg_pila,,PT1H,Quantitative,avg,PD,,,False,creation_failed,"Status 400: {""StatusCode"":400,""Message"":""Profile already exists!""}",,,,,,
computed_PT1H_Quantitative_H_max,,PT1H,Quantitative,max,H,,,False,creation_failed,"Status 400: {""StatusCode"":400,""Message"":""Profile already exists!""}",,,,,,
computed_PT1H_Quantitative_PD_avg,,PT1H,Quantitative,avg,PD,,,False,creation_failed,"Status 400: {""StatusCode"":400,""Message"":""Profile already exists!""}",,,,,,
computed_PT1H_Quantitative_PD_max,,PT1H,Quantitative,max,PD,,,False,creation_failed,"Status 400: {""StatusCode"":400,""Message"":""Profile already exists!""}",,,,,,
computed_PT1H_Quantitative_PD_min_pila,,PT1H,Quantitative,min,PD,,,False,creation_failed,"Status 400: {""StatusCode"":400,""Message"":""Profile already exists!""}",,,,,,
computed_PT1H_Quantitative_H_avg_pila,,PT1H,Quantitative,avg,H,,,False,creation_failed,"Status 400: {""StatusCode"":400,""Message"":""Profile already exists!""}",,,,,,
computed_PT1H_Quantitative_H_min,,PT1H,Quantitative,min,H,,,False,creation_failed,"Status 400: {""StatusCode"":400,""Message"":""Profile already exists!""}",,,,,,
computed_PT1H_Quantitative_PW_sum,,PT1H,Quantitative,sum,PW,,,False,creation_failed,"Status 400: {""StatusCode"":400,""Message"":""Profile already exists!""}",,,,,,
computed_PT1H_Quantitative_PD_max_pila,,PT1H,Quantitative,max,PD,,,False,creation_failed,"Status 400: {""StatusCode"":400,""Message"":""Profile already exists!""}",,,,,,
computed_PT1H_Quantitative_PW_min_pila,,PT1H,Quantitative,min,PW,,,False,creation_failed,"Status 400: {""StatusCode"":400,""Message"":""Profile already exists!""}",,,,,,
computed_PT1H_Quantitative_PW_avg_pila,,PT1H,Quantitative,avg,PW,,,False,creation_failed,"Status 400: {""StatusCode"":400,""Message"":""Profile already exists!""}",,,,,,
computed_PT1H_Quantitative_PW_avg,,PT1H,Quantitative,avg,PW,,,False,creation_failed,"Status 400: {""StatusCode"":400,""Message"":""Profile already exists!""}",,,,,,
computed_PT1H_Quantitative_PW_max_pila,,PT1H,Quantitative,max,PW,,,False,creation_failed,"Status 400: {""StatusCode"":400,""Message"":""Profile already exists!""}",,,,,,
computed_PT1H_Quantitative_PE_min_pila,,PT1H,Quantitative,min,PE,,,False,creation_failed,"Status 400: {""StatusCode"":400,""Message"":""Profile already exists!""}",,,,,,
computed_PT1H_Quantitative_PW_max,,PT1H,Quantitative,max,PW,,,False,creation_failed,"Status 400: {""StatusCode"":400,""Message"":""Profile already exists!""}",,,,,,
computed_PT1H_Quantitative_PM_sum,,PT1H,Quantitative,sum,PM,,,False,creation_failed,"Status 400: {""StatusCode"":400,""Message"":""Profile already exists!""}",,,,,,
computed_PT1H_Quantitative_PW_min,,PT1H,Quantitative,min,PW,,,False,creation_failed,"Status 400: {""StatusCode"":400,""Message"":""Profile already exists!""}",,,,,,
computed_PT1H_Quantitative_PM_avg_pila,,PT1H,Quantitative,avg,PM,,,False,creation_failed,"Status 400: {""StatusCode"":400,""Message"":""Profile already exists!""}",,,,,,
computed_PT1H_Quantitative_PM_min_pila,,PT1H,Quantitative,min,PM,,,False,creation_failed,"Status 400: {""StatusCode"":400,""Message"":""Profile already exists!""}",,,,,,
computed_PT1H_Quantitative_PE_avg_pila,,PT1H,Quantitative,avg,PE,,,False,creation_failed,"Status 400: {""StatusCode"":400,""Message"":""Profile already exists!""}",,,,,,
computed_PT1H_Quantitative_PE_avg,,PT1H,Quantitative,avg,PE,,,False,creation_failed,"Status 400: {""StatusCode"":400,""Message"":""Profile already exists!""}",,,,,,
computed_PT1H_Quantitative_PE_max_pila,,PT1H,Quantitative,max,PE,,,False,creation_failed,"Status 400: {""StatusCode"":400,""Message"":""Profile already exists!""}",,,,,,
computed_PT1H_Quantitative_PM_avg,,PT1H,Quantitative,avg,PM,,,False,creation_failed,"Status 400: {""StatusCode"":400,""Message"":""Profile already exists!""}",,,,,,
computed_PT1H_Quantitative_PE_max,,PT1H,Quantitative,max,PE,,,False,creation_failed,"Status 400: {""StatusCode"":400,""Message"":""Profile already exists!""}",,,,,,
computed_PT1H_Quantitative_PE_sum,,PT1H,Quantitative,sum,PE,,,False,creation_failed,"Status 400: {""StatusCode"":400,""Message"":""Profile already exists!""}",,,,,,
computed_PT1H_Quantitative_PM_max,,PT1H,Quantitative,max,PM,,,False,creation_failed,"Status 400: {""StatusCode"":400,""Message"":""Profile already exists!""}",,,,,,
computed_PT1H_Quantitative_PQ_avg_pila,,PT1H,Quantitative,avg,PQ,,,False,creation_failed,"Status 400: {""StatusCode"":400,""Message"":""Profile already exists!""}",,,,,,
computed_PT1H_Quantitative_PM_min,,PT1H,Quantitative,min,PM,,,False,creation_failed,"Status 400: {""StatusCode"":400,""Message"":""Profile already exists!""}",,,,,,
computed_PT1H_Quantitative_PM_max_pila,,PT1H,Quantitative,max,PM,,,False,creation_failed,"Status 400: {""StatusCode"":400,""Message"":""Profile already exists!""}",,,,,,
computed_PT1H_Quantitative_PE_min,,PT1H,Quantitative,min,PE,,,False,creation_failed,"Status 400: {""StatusCode"":400,""Message"":""Profile already exists!""}",,,,,,
computed_PT1H_Quantitative_PQ_min_pila,,PT1H,Quantitative,min,PQ,,,False,creation_failed,"Status 400: {""StatusCode"":400,""Message"":""Profile already exists!""}",,,,,,
computed_PT1H_Quantitative_PQ_avg,,PT1H,Quantitative,avg,PQ,,,False,creation_failed,"Status 400: {""StatusCode"":400,""Message"":""Profile already exists!""}",,,,,,
computed_PT1H_Quantitative_PQ_max_pila,,PT1H,Quantitative,max,PQ,,,False,creation_failed,"Status 400: {""StatusCode"":400,""Message"":""Profile already exists!""}",,,,,,
computed_PT1H_Quantitative_PQ_max,,PT1H,Quantitative,max,PQ,,,False,creation_failed,"Status 400: {""StatusCode"":400,""Message"":""Profile already exists!""}",,,,,,
computed_PT1H_Quantitative_PY_sum,,PT1H,Quantitative,sum,PY,,,False,creation_failed,"Status 400: {""StatusCode"":400,""Message"":""Profile already exists!""}",,,,,,
computed_PT1H_Quantitative_PQ_sum,,PT1H,Quantitative,sum,PQ,,,False,creation_failed,"Status 400: {""StatusCode"":400,""Message"":""Profile already exists!""}",,,,,,
computed_PT1H_Quantitative_PY_max,,PT1H,Quantitative,max,PY,,,False,creation_failed,"Status 400: {""StatusCode"":400,""Message"":""Profile already exists!""}",,,,,,
computed_PT1H_Continuous_H_sum,,PT1H,Continuous,sum,H,,,False,creation_failed,"Status 400: {""StatusCode"":400,""Message"":""Profile already exists!""}",,,,,,
computed_PT1H_Quantitative_PY_min_pila,,PT1H,Quantitative,min,PY,,,False,creation_failed,"Status 400: {""StatusCode"":400,""Message"":""Profile already exists!""}",,,,,,
computed_PT1H_Quantitative_PY_avg,,PT1H,Quantitative,avg,PY,,,False,creation_failed,"Status 400: {""StatusCode"":400,""Message"":""Profile already exists!""}",,,,,,
computed_PT1H_Continuous_H_max,,PT1H,Continuous,max,H,,,False,creation_failed,"Status 400: {""StatusCode"":400,""Message"":""Profile already exists!""}",,,,,,
computed_PT1H_Quantitative_PY_min,,PT1H,Quantitative,min,PY,,,False,creation_failed,"Status 400: {""StatusCode"":400,""Message"":""Profile already exists!""}",,,,,,
computed_PT1H_Quantitative_PY_avg_pila,,PT1H,Quantitative,avg,PY,,,False,creation_failed,"Status 400: {""StatusCode"":400,""Message"":""Profile already exists!""}",,,,,,
computed_PT1H_Continuous_H_min_pila,,PT1H,Continuous,min,H,,,False,creation_failed,"Status 400: {""StatusCode"":400,""Message"":""Profile already exists!""}",,,,,,
computed_PT1H_Continuous_H_avg_pila,,PT1H,Continuous,avg,H,,,False,creation_failed,"Status 400: {""StatusCode"":400,""Message"":""Profile already exists!""}",,,,,,
computed_PT1H_Continuous_PD_avg,,PT1H,Continuous,avg,PD,,,False,creation_failed,"Status 400: {""StatusCode"":400,""Message"":""Profile already exists!""}",,,,,,
computed_PT1H_Continuous_PD_sum,,PT1H,Continuous,sum,PD,,,False,creation_failed,"Status 400: {""StatusCode"":400,""Message"":""Profile already exists!""}",,,,,,
computed_PT1H_Continuous_PD_min,,PT1H,Continuous,min,PD,,,False,creation_failed,"Status 400: {""StatusCode"":400,""Message"":""Profile already exists!""}",,,,,,
computed_PT1H_Continuous_PD_avg_pila,,PT1H,Continuous,avg,PD,,,False,creation_failed,"Status 400: {""StatusCode"":400,""Message"":""Profile already exists!""}",,,,,,
computed_PT1H_Continuous_PD_min_pila,,PT1H,Continuous,min,PD,,,False,creation_failed,"Status 400: {""StatusCode"":400,""Message"":""Profile already exists!""}",,,,,,
computed_PT1H_Continuous_PD_max,,PT1H,Continuous,max,PD,,,False,creation_failed,"Status 400: {""StatusCode"":400,""Message"":""Profile already exists!""}",,,,,,
computed_PT1H_Quantitative_PQ_min,,PT1H,Quantitative,min,PQ,,,False,creation_failed,"Status 400: {""StatusCode"":400,""Message"":""Profile already exists!""}",,,,,,
computed_PT1H_Continuous_H_max_pila,,PT1H,Continuous,max,H,,,False,creation_failed,"Status 400: {""StatusCode"":400,""Message"":""Profile already exists!""}",,,,,,
computed_PT1H_Continuous_PW_avg,,PT1H,Continuous,avg,PW,,,False,creation_failed,"Status 400: {""StatusCode"":400,""Message"":""Profile already exists!""}",,,,,,
computed_PT1H_Continuous_H_avg,,PT1H,Continuous,avg,H,,,False,creation_failed,"Status 400: {""StatusCode"":400,""Message"":""Profile already exists!""}",,,,,,
computed_PT1H_Continuous_PW_avg_pila,,PT1H,Continuous,avg,PW,,,False,creation_failed,"Status 400: {""StatusCode"":400,""Message"":""Profile already exists!""}",,,,,,
computed_PT1H_Continuous_PW_min,,PT1H,Continuous,min,PW,,,False,creation_failed,"Status 400: {""StatusCode"":400,""Message"":""Profile already exists!""}",,,,,,
computed_PT1H_Quantitative_PY_max_pila,,PT1H,Quantitative,max,PY,,,False,creation_failed,"Status 400: {""StatusCode"":400,""Message"":""Profile already exists!""}",,,,,,
computed_PT1H_Continuous_PW_max_pila,,PT1H,Continuous,max,PW,,,False,creation_failed,"Status 400: {""StatusCode"":400,""Message"":""Profile already exists!""}",,,,,,
computed_PT1H_Continuous_PE_sum,,PT1H,Continuous,sum,PE,,,False,creation_failed,"Status 400: {""StatusCode"":400,""Message"":""Profile already exists!""}",,,,,,
computed_PT1H_Continuous_PW_min_pila,,PT1H,Continuous,min,PW,,,False,creation_failed,"Status 400: {""StatusCode"":400,""Message"":""Profile already exists!""}",,,,,,
computed_PT1H_Continuous_PE_min,,PT1H,Continuous,min,PE,,,False,creation_failed,"Status 400: {""StatusCode"":400,""Message"":""Profile already exists!""}",,,,,,
computed_PT1H_Continuous_PE_max,,PT1H,Continuous,max,PE,,,False,creation_failed,"Status 400: {""StatusCode"":400,""Message"":""Profile already exists!""}",,,,,,
computed_PT1H_Continuous_PD_max_pila,,PT1H,Continuous,max,PD,,,False,creation_failed,"Status 400: {""StatusCode"":400,""Message"":""Profile already exists!""}",,,,,,
computed_PT1H_Continuous_PE_avg_pila,,PT1H,Continuous,avg,PE,,,False,creation_failed,"Status 400: {""StatusCode"":400,""Message"":""Profile already exists!""}",,,,,,
computed_PT1H_Continuous_PM_sum,,PT1H,Continuous,sum,PM,,,False,creation_failed,"Status 400: {""StatusCode"":400,""Message"":""Profile already exists!""}",,,,,,
computed_PT1H_Continuous_PE_avg,,PT1H,Continuous,avg,PE,,,False,creation_failed,"Status 400: {""StatusCode"":400,""Message"":""Profile already exists!""}",,,,,,
computed_PT1H_Continuous_PE_min_pila,,PT1H,Continuous,min,PE,,,False,creation_failed,"Status 400: {""StatusCode"":400,""Message"":""Profile already exists!""}",,,,,,
computed_PT1H_Continuous_PM_avg_pila,,PT1H,Continuous,avg,PM,,,False,creation_failed,"Status 400: {""StatusCode"":400,""Message"":""Profile already exists!""}",,,,,,
computed_PT1H_Continuous_PM_min_pila,,PT1H,Continuous,min,PM,,,False,creation_failed,"Status 400: {""StatusCode"":400,""Message"":""Profile already exists!""}",,,,,,
computed_PT1H_Continuous_PM_max_pila,,PT1H,Continuous,max,PM,,,False,creation_failed,"Status 400: {""StatusCode"":400,""Message"":""Profile already exists!""}",,,,,,
computed_PT1H_Continuous_PM_avg,,PT1H,Continuous,avg,PM,,,False,creation_failed,"Status 400: {""StatusCode"":400,""Message"":""Profile already exists!""}",,,,,,
computed_PT1H_Continuous_PW_sum,,PT1H,Continuous,sum,PW,,,False,creation_failed,"Status 400: {""StatusCode"":400,""Message"":""Profile already exists!""}",,,,,,
computed_PT1H_Continuous_PM_max,,PT1H,Continuous,max,PM,,,False,creation_failed,"Status 400: {""StatusCode"":400,""Message"":""Profile already exists!""}",,,,,,
computed_PT1H_Continuous_PM_min,,PT1H,Continuous,min,PM,,,False,creation_failed,"Status 400: {""StatusCode"":400,""Message"":""Profile already exists!""}",,,,,,
computed_PT1H_Continuous_PE_max_pila,,PT1H,Continuous,max,PE,,,False,creation_failed,"Status 400: {""StatusCode"":400,""Message"":""Profile already exists!""}",,,,,,
computed_PT1H_Continuous_H_min,,PT1H,Continuous,min,H,,,False,creation_failed,"Status 400: {""StatusCode"":400,""Message"":""Profile already exists!""}",,,,,,
computed_PT1H_Continuous_PQ_max,,PT1H,Continuous,max,PQ,,,False,creation_failed,"Status 400: {""StatusCode"":400,""Message"":""Profile already exists!""}",,,,,,
computed_PT1H_Continuous_PQ_min_pila,,PT1H,Continuous,min,PQ,,,False,creation_failed,"Status 400: {""StatusCode"":400,""Message"":""Profile already exists!""}",,,,,,
computed_PT1H_Continuous_PQ_min,,PT1H,Continuous,min,PQ,,,False,creation_failed,"Status 400: {""StatusCode"":400,""Message"":""Profile already exists!""}",,,,,,
computed_PT1H_Continuous_PQ_sum,,PT1H,Continuous,sum,PQ,,,False,creation_failed,"Status 400: {""StatusCode"":400,""Message"":""Profile already exists!""}",,,,,,
computed_PT1H_Continuous_PY_min_pila,,PT1H,Continuous,min,PY,,,False,creation_failed,"Status 400: {""StatusCode"":400,""Message"":""Profile already exists!""}",,,,,,
computed_PT1H_Continuous_PY_sum,,PT1H,Continuous,sum,PY,,,False,creation_failed,"Status 400: {""StatusCode"":400,""Message"":""Profile already exists!""}",,,,,,
computed_PT1H_Continuous_PQ_avg,,PT1H,Continuous,avg,PQ,,,False,creation_failed,"Status 400: {""StatusCode"":400,""Message"":""Profile already exists!""}",,,,,,
computed_PT1H_Continuous_PW_max,,PT1H,Continuous,max,PW,,,False,creation_failed,"Status 400: {""StatusCode"":400,""Message"":""Profile already exists!""}",,,,,,
computed_PT1H_Continuous_PQ_avg_pila,,PT1H,Continuous,avg,PQ,,,False,creation_failed,"Status 400: {""StatusCode"":400,""Message"":""Profile already exists!""}",,,,,,
computed_PT15M_Quantitative_H_avg,,PT15M,Quantitative,avg,H,,,False,creation_failed,"Status 400: {""StatusCode"":400,""Message"":""Profile already exists!""}",,,,,,
computed_PT1H_Continuous_PY_min,,PT1H,Continuous,min,PY,,,False,creation_failed,"Status 400: {""StatusCode"":400,""Message"":""Profile already exists!""}",,,,,,
computed_PT1H_Continuous_PY_avg_pila,,PT1H,Continuous,avg,PY,,,False,creation_failed,"Status 400: {""StatusCode"":400,""Message"":""Profile already exists!""}",,,,,,
computed_PT1H_Continuous_PY_max,,PT1H,Continuous,max,PY,,,False,creation_failed,"Status 400: {""StatusCode"":400,""Message"":""Profile already exists!""}",,,,,,
computed_PT1H_Continuous_PQ_max_pila,,PT1H,Continuous,max,PQ,,,False,creation_failed,"Status 400: {""StatusCode"":400,""Message"":""Profile already exists!""}",,,,,,
computed_PT15M_Quantitative_H_min,,PT15M,Quantitative,min,H,,,False,creation_failed,"Status 400: {""StatusCode"":400,""Message"":""Profile already exists!""}",,,,,,
computed_PT1H_Continuous_PY_avg,,PT1H,Continuous,avg,PY,,,False,creation_failed,"Status 400: {""StatusCode"":400,""Message"":""Profile already exists!""}",,,,,,
computed_PT15M_Quantitative_H_max,,PT15M,Quantitative,max,H,,,False,creation_failed,"Status 400: {""StatusCode"":400,""Message"":""Profile already exists!""}",,,,,,
computed_PT15M_Quantitative_H_avg_pila,,PT15M,Quantitative,avg,H,,,False,creation_failed,"Status 400: {""StatusCode"":400,""Message"":""Profile already exists!""}",,,,,,
computed_PT15M_Quantitative_H_min_pila,,PT15M,Quantitative,min,H,,,False,creation_failed,"Status 400: {""StatusCode"":400,""Message"":""Profile already exists!""}",,,,,,
computed_PT1H_Continuous_PY_max_pila,,PT1H,Continuous,max,PY,,,False,creation_failed,"Status 400: {""StatusCode"":400,""Message"":""Profile already exists!""}",,,,,,
computed_PT15M_Quantitative_H_sum,,PT15M,Quantitative,sum,H,,,False,creation_failed,"Status 400: {""StatusCode"":400,""Message"":""Profile already exists!""}",,,,,,
computed_PT15M_Quantitative_PD_avg,,PT15M,Quantitative,avg,PD,,,False,creation_failed,"Status 400: {""StatusCode"":400,""Message"":""Profile already exists!""}",,,,,,
computed_PT15M_Quantitative_PD_min,,PT15M,Quantitative,min,PD,,,False,creation_failed,"Status 400: {""StatusCode"":400,""Message"":""Profile already exists!""}",,,,,,
computed_PT15M_Quantitative_PD_avg_pila,,PT15M,Quantitative,avg,PD,,,False,creation_failed,"Status 400: {""StatusCode"":400,""Message"":""Profile already exists!""}",,,,,,
computed_PT15M_Quantitative_PW_avg_pila,,PT15M,Quantitative,avg,PW,,,False,creation_failed,"Status 400: {""StatusCode"":400,""Message"":""Profile already exists!""}",,,,,,
computed_PT15M_Quantitative_H_max_pila,,PT15M,Quantitative,max,H,,,False,creation_failed,"Status 400: {""StatusCode"":400,""Message"":""Profile already exists!""}",,,,,,
computed_PT15M_Quantitative_PD_min_pila,,PT15M,Quantitative,min,PD,,,False,creation_failed,"Status 400: {""StatusCode"":400,""Message"":""Profile already exists!""}",,,,,,
computed_PT15M_Quantitative_PD_max,,PT15M,Quantitative,max,PD,,,False,creation_failed,"Status 400: {""StatusCode"":400,""Message"":""Profile already exists!""}",,,,,,
computed_PT15M_Quantitative_PD_sum,,PT15M,Quantitative,sum,PD,,,False,creation_failed,"Status 400: {""StatusCode"":400,""Message"":""Profile already exists!""}",,,,,,
computed_PT15M_Quantitative_PW_sum,,PT15M,Quantitative,sum,PW,,,False,creation_failed,"Status 400: {""StatusCode"":400,""Message"":""Profile already exists!""}",,,,,,
computed_PT15M_Quantitative_PW_min_pila,,PT15M,Quantitative,min,PW,,,False,creation_failed,"Status 400: {""StatusCode"":400,""Message"":""Profile already exists!""}",,,,,,
computed_PT15M_Quantitative_PD_max_pila,,PT15M,Quantitative,max,PD,,,False,creation_failed,"Status 400: {""StatusCode"":400,""Message"":""Profile already exists!""}",,,,,,
computed_PT15M_Quantitative_PW_min,,PT15M,Quantitative,min,PW,,,False,creation_failed,"Status 400: {""StatusCode"":400,""Message"":""Profile already exists!""}",,,,,,
computed_PT15M_Quantitative_PE_max,,PT15M,Quantitative,max,PE,,,False,creation_failed,"Status 400: {""StatusCode"":400,""Message"":""Profile already exists!""}",,,,,,
computed_PT15M_Quantitative_PE_avg,,PT15M,Quantitative,avg,PE,,,False,creation_failed,"Status 400: {""StatusCode"":400,""Message"":""Profile already exists!""}",,,,,,
computed_PT15M_Quantitative_PE_max_pila,,PT15M,Quantitative,max,PE,,,False,creation_failed,"Status 400: {""StatusCode"":400,""Message"":""Profile already exists!""}",,,,,,
computed_PT15M_Quantitative_PW_max,,PT15M,Quantitative,max,PW,,,False,creation_failed,"Status 400: {""StatusCode"":400,""Message"":""Profile already exists!""}",,,,,,
computed_PT15M_Quantitative_PE_sum,,PT15M,Quantitative,sum,PE,,,False,creation_failed,"Status 400: {""StatusCode"":400,""Message"":""Profile already exists!""}",,,,,,
computed_PT15M_Quantitative_PE_min_pila,,PT15M,Quantitative,min,PE,,,False,creation_failed,"Status 400: {""StatusCode"":400,""Message"":""Profile already exists!""}",,,,,,
computed_PT15M_Quantitative_PE_avg_pila,,PT15M,Quantitative,avg,PE,,,False,creation_failed,"Status 400: {""StatusCode"":400,""Message"":""Profile already exists!""}",,,,,,
computed_PT15M_Quantitative_PM_avg_pila,,PT15M,Quantitative,avg,PM,,,False,creation_failed,"Status 400: {""StatusCode"":400,""Message"":""Profile already exists!""}",,,,,,
computed_PT15M_Quantitative_PW_avg,,PT15M,Quantitative,avg,PW,,,False,creation_failed,"Status 400: {""StatusCode"":400,""Message"":""Profile already exists!""}",,,,,,
computed_PT15M_Quantitative_PM_max_pila,,PT15M,Quantitative,max,PM,,,False,creation_failed,"Status 400: {""StatusCode"":400,""Message"":""Profile already exists!""}",,,,,,
computed_PT15M_Quantitative_PW_max_pila,,PT15M,Quantitative,max,PW,,,False,creation_failed,"Status 400: {""StatusCode"":400,""Message"":""Profile already exists!""}",,,,,,
computed_PT15M_Quantitative_PM_min,,PT15M,Quantitative,min,PM,,,False,creation_failed,"Status 400: {""StatusCode"":400,""Message"":""Profile already exists!""}",,,,,,
computed_PT15M_Quantitative_PM_avg,,PT15M,Quantitative,avg,PM,,,False,creation_failed,"Status 400: {""StatusCode"":400,""Message"":""Profile already exists!""}",,,,,,
computed_PT15M_Quantitative_PM_min_pila,,PT15M,Quantitative,min,PM,,,False,creation_failed,"Status 400: {""StatusCode"":400,""Message"":""Profile already exists!""}",,,,,,
computed_PT15M_Quantitative_PM_max,,PT15M,Quantitative,max,PM,,,False,creation_failed,"Status 400: {""StatusCode"":400,""Message"":""Profile already exists!""}",,,,,,
computed_PT15M_Quantitative_PQ_sum,,PT15M,Quantitative,sum,PQ,,,False,creation_failed,"Status 400: {""StatusCode"":400,""Message"":""Profile already exists!""}",,,,,,
computed_PT15M_Quantitative_PQ_min,,PT15M,Quantitative,min,PQ,,,False,creation_failed,"Status 400: {""StatusCode"":400,""Message"":""Profile already exists!""}",,,,,,
computed_PT15M_Quantitative_PE_min,,PT15M,Quantitative,min,PE,,,False,creation_failed,"Status 400: {""StatusCode"":400,""Message"":""Profile already exists!""}",,,,,,
computed_PT15M_Quantitative_PY_avg,,PT15M,Quantitative,avg,PY,,,False,creation_failed,"Status 400: {""StatusCode"":400,""Message"":""Profile already exists!""}",,,,,,
computed_PT15M_Quantitative_PQ_avg,,PT15M,Quantitative,avg,PQ,,,False,creation_failed,"Status 400: {""StatusCode"":400,""Message"":""Profile already exists!""}",,,,,,
computed_PT15M_Quantitative_PM_sum,,PT15M,Quantitative,sum,PM,,,False,creation_failed,"Status 400: {""StatusCode"":400,""Message"":""Profile already exists!""}",,,,,,
computed_PT15M_Quantitative_PQ_avg_pila,,PT15M,Quantitative,avg,PQ,,,False,creation_failed,"Status 400: {""StatusCode"":400,""Message"":""Profile already exists!""}",,,,,,
computed_PT15M_Quantitative_PQ_max_pila,,PT15M,Quantitative,max,PQ,,,False,creation_failed,"Status 400: {""StatusCode"":400,""Message"":""Profile already exists!""}",,,,,,
computed_PT15M_Quantitative_PQ_max,,PT15M,Quantitative,max,PQ,,,False,creation_failed,"Status 400: {""StatusCode"":400,""Message"":""Profile already exists!""}",,,,,,
computed_PT15M_Quantitative_PY_sum,,PT15M,Quantitative,sum,PY,,,False,creation_failed,"Status 400: {""StatusCode"":400,""Message"":""Profile already exists!""}",,,,,,
computed_PT15M_Quantitative_PQ_min_pila,,PT15M,Quantitative,min,PQ,,,False,creation_failed,"Status 400: {""StatusCode"":400,""Message"":""Profile already exists!""}",,,,,,
computed_PT15M_Quantitative_PY_min_pila,,PT15M,Quantitative,min,PY,,,False,creation_failed,"Status 400: {""StatusCode"":400,""Message"":""Profile already exists!""}",,,,,,
computed_PT15M_Continuous_H_avg,,PT15M,Continuous,avg,H,,,False,creation_failed,"Status 400: {""StatusCode"":400,""Message"":""Profile already exists!""}",,,,,,
computed_PT15M_Quantitative_PY_max,,PT15M,Quantitative,max,PY,,,False,creation_failed,"Status 400: {""StatusCode"":400,""Message"":""Profile already exists!""}",,,,,,
computed_PT15M_Quantitative_PY_min,,PT15M,Quantitative,min,PY,,,False,creation_failed,"Status 400: {""StatusCode"":400,""Message"":""Profile already exists!""}",,,,,,
computed_PT15M_Quantitative_PY_max_pila,,PT15M,Quantitative,max,PY,,,False,creation_failed,"Status 400: {""StatusCode"":400,""Message"":""Profile already exists!""}",,,,,,
computed_PT15M_Continuous_H_sum,,PT15M,Continuous,sum,H,,,False,creation_failed,"Status 400: {""StatusCode"":400,""Message"":""Profile already exists!""}",,,,,,
computed_PT15M_Quantitative_PY_avg_pila,,PT15M,Quantitative,avg,PY,,,False,creation_failed,"Status 400: {""StatusCode"":400,""Message"":""Profile already exists!""}",,,,,,
computed_PT15M_Continuous_H_min,,PT15M,Continuous,min,H,,,False,creation_failed,"Status 400: {""StatusCode"":400,""Message"":""Profile already exists!""}",,,,,,
computed_PT15M_Continuous_H_max_pila,,PT15M,Continuous,max,H,,,False,creation_failed,"Status 400: {""StatusCode"":400,""Message"":""Profile already exists!""}",,,,,,
computed_PT15M_Continuous_H_avg_pila,,PT15M,Continuous,avg,H,,,False,creation_failed,"Status 400: {""StatusCode"":400,""Message"":""Profile already exists!""}",,,,,,
computed_PT15M_Continuous_PD_min_pila,,PT15M,Continuous,min,PD,,,False,creation_failed,"Status 400: {""StatusCode"":400,""Message"":""Profile already exists!""}",,,,,,
computed_PT15M_Continuous_PD_avg,,PT15M,Continuous,avg,PD,,,False,creation_failed,"Status 400: {""StatusCode"":400,""Message"":""Profile already exists!""}",,,,,,
computed_PT15M_Continuous_H_max,,PT15M,Continuous,max,H,,,False,creation_failed,"Status 400: {""StatusCode"":400,""Message"":""Profile already exists!""}",,,,,,
computed_PT15M_Continuous_PD_sum,,PT15M,Continuous,sum,PD,,,False,creation_failed,"Status 400: {""StatusCode"":400,""Message"":""Profile already exists!""}",,,,,,
computed_PT15M_Continuous_H_min_pila,,PT15M,Continuous,min,H,,,False,creation_failed,"Status 400: {""StatusCode"":400,""Message"":""Profile already exists!""}",,,,,,
computed_PT15M_Continuous_PW_avg_pila,,PT15M,Continuous,avg,PW,,,False,creation_failed,"Status 400: {""StatusCode"":400,""Message"":""Profile already exists!""}",,,,,,
computed_PT15M_Continuous_PD_max_pila,,PT15M,Continuous,max,PD,,,False,creation_failed,"Status 400: {""StatusCode"":400,""Message"":""Profile already exists!""}",,,,,,
computed_PT15M_Continuous_PD_min,,PT15M,Continuous,min,PD,,,False,creation_failed,"Status 400: {""StatusCode"":400,""Message"":""Profile already exists!""}",,,,,,
computed_PT15M_Continuous_PD_avg_pila,,PT15M,Continuous,avg,PD,,,False,creation_failed,"Status 400: {""StatusCode"":400,""Message"":""Profile already exists!""}",,,,,,
computed_PT15M_Continuous_PD_max,,PT15M,Continuous,max,PD,,,False,creation_failed,"Status 400: {""StatusCode"":400,""Message"":""Profile already exists!""}",,,,,,
computed_PT15M_Continuous_PW_max,,PT15M,Continuous,max,PW,,,False,creation_failed,"Status 400: {""StatusCode"":400,""Message"":""Profile already exists!""}",,,,,,
computed_PT15M_Continuous_PE_min_pila,,PT15M,Continuous,min,PE,,,False,creation_failed,"Status 400: {""StatusCode"":400,""Message"":""Profile already exists!""}",,,,,,
computed_PT15M_Continuous_PW_min_pila,,PT15M,Continuous,min,PW,,,False,creation_failed,"Status 400: {""StatusCode"":400,""Message"":""Profile already exists!""}",,,,,,
computed_PT15M_Continuous_PW_avg,,PT15M,Continuous,avg,PW,,,False,creation_failed,"Status 400: {""StatusCode"":400,""Message"":""Profile already exists!""}",,,,,,
computed_PT15M_Continuous_PW_min,,PT15M,Continuous,min,PW,,,False,creation_failed,"Status 400: {""StatusCode"":400,""Message"":""Profile already exists!""}",,,,,,
computed_PT15M_Continuous_PE_sum,,PT15M,Continuous,sum,PE,,,False,creation_failed,"Status 400: {""StatusCode"":400,""Message"":""Profile already exists!""}",,,,,,
computed_PT15M_Continuous_PW_sum,,PT15M,Continuous,sum,PW,,,False,creation_failed,"Status 400: {""StatusCode"":400,""Message"":""Profile already exists!""}",,,,,,
computed_PT15M_Continuous_PE_avg_pila,,PT15M,Continuous,avg,PE,,,False,creation_failed,"Status 400: {""StatusCode"":400,""Message"":""Profile already exists!""}",,,,,,
computed_PT15M_Continuous_PE_max_pila,,PT15M,Continuous,max,PE,,,False,creation_failed,"Status 400: {""StatusCode"":400,""Message"":""Profile already exists!""}",,,,,,
computed_PT15M_Continuous_PE_min,,PT15M,Continuous,min,PE,,,False,creation_failed,"Status 400: {""StatusCode"":400,""Message"":""Profile already exists!""}",,,,,,
computed_PT15M_Continuous_PM_avg,,PT15M,Continuous,avg,PM,,,False,creation_failed,"Status 400: {""StatusCode"":400,""Message"":""Profile already exists!""}",,,,,,
computed_PT15M_Continuous_PM_max_pila,,PT15M,Continuous,max,PM,,,False,creation_failed,"Status 400: {""StatusCode"":400,""Message"":""Profile already exists!""}",,,,,,
computed_PT15M_Continuous_PE_max,,PT15M,Continuous,max,PE,,,False,creation_failed,"Status 400: {""StatusCode"":400,""Message"":""Profile already exists!""}",,,,,,
computed_PT15M_Continuous_PM_sum,,PT15M,Continuous,sum,PM,,,False,creation_failed,"Status 400: {""StatusCode"":400,""Message"":""Profile already exists!""}",,,,,,
computed_PT15M_Continuous_PE_avg,,PT15M,Continuous,avg,PE,,,False,creation_failed,"Status 400: {""StatusCode"":400,""Message"":""Profile already exists!""}",,,,,,
computed_PT15M_Continuous_PM_min,,PT15M,Continuous,min,PM,,,False,creation_failed,"Status 400: {""StatusCode"":400,""Message"":""Profile already exists!""}",,,,,,
computed_PT15M_Continuous_PW_max_pila,,PT15M,Continuous,max,PW,,,False,creation_failed,"Status 400: {""StatusCode"":400,""Message"":""Profile already exists!""}",,,,,,
computed_PT15M_Continuous_PQ_max,,PT15M,Continuous,max,PQ,,,False,creation_failed,"Status 400: {""StatusCode"":400,""Message"":""Profile already exists!""}",,,,,,
computed_PT15M_Continuous_PM_min_pila,,PT15M,Continuous,min,PM,,,False,creation_failed,"Status 400: {""StatusCode"":400,""Message"":""Profile already exists!""}",,,,,,
computed_PT15M_Continuous_PM_max,,PT15M,Continuous,max,PM,,,False,creation_failed,"Status 400: {""StatusCode"":400,""Message"":""Profile already exists!""}",,,,,,
computed_PT15M_Continuous_PQ_avg,,PT15M,Continuous,avg,PQ,,,False,creation_failed,"Status 400: {""StatusCode"":400,""Message"":""Profile already exists!""}",,,,,,
computed_PT15M_Continuous_PQ_min_pila,,PT15M,Continuous,min,PQ,,,False,creation_failed,"Status 400: {""StatusCode"":400,""Message"":""Profile already exists!""}",,,,,,
computed_PT15M_Continuous_PQ_avg_pila,,PT15M,Continuous,avg,PQ,,,False,creation_failed,"Status 400: {""StatusCode"":400,""Message"":""Profile already exists!""}",,,,,,
computed_PT15M_Continuous_PY_avg,,PT15M,Continuous,avg,PY,,,False,creation_failed,"Status 400: {""StatusCode"":400,""Message"":""Profile already exists!""}",,,,,,
computed_PT15M_Continuous_PQ_sum,,PT15M,Continuous,sum,PQ,,,False,creation_failed,"Status 400: {""StatusCode"":400,""Message"":""Profile already exists!""}",,,,,,
computed_PT15M_Continuous_PY_sum,,PT15M,Continuous,sum,PY,,,False,creation_failed,"Status 400: {""StatusCode"":400,""Message"":""Profile already exists!""}",,,,,,
computed_PT15M_Continuous_PQ_max_pila,,PT15M,Continuous,max,PQ,,,False,creation_failed,"Status 400: {""StatusCode"":400,""Message"":""Profile already exists!""}",,,,,,
computed_PT15M_Continuous_PM_avg_pila,,PT15M,Continuous,avg,PM,,,False,creation_failed,"Status 400: {""StatusCode"":400,""Message"":""Profile already exists!""}",,,,,,
computed_PT5M_Quantitative_H_avg_pila,,PT5M,Quantitative,avg,H,,,False,creation_failed,"Status 400: {""StatusCode"":400,""Message"":""Profile already exists!""}",,,,,,
computed_PT15M_Continuous_PY_max,,PT15M,Continuous,max,PY,,,False,creation_failed,"Status 400: {""StatusCode"":400,""Message"":""Profile already exists!""}",,,,,,
computed_PT5M_Quantitative_H_sum,,PT5M,Quantitative,sum,H,,,False,creation_failed,"Status 400: {""StatusCode"":400,""Message"":""Profile already exists!""}",,,,,,
computed_PT15M_Continuous_PY_max_pila,,PT15M,Continuous,max,PY,,,False,creation_failed,"Status 400: {""StatusCode"":400,""Message"":""Profile already exists!""}",,,,,,
computed_PT15M_Continuous_PY_min_pila,,PT15M,Continuous,min,PY,,,False,creation_failed,"Status 400: {""StatusCode"":400,""Message"":""Profile already exists!""}",,,,,,
computed_PT15M_Continuous_PQ_min,,PT15M,Continuous,min,PQ,,,False,creation_failed,"Status 400: {""StatusCode"":400,""Message"":""Profile already exists!""}",,,,,,
computed_PT5M_Quantitative_H_avg,,PT5M,Quantitative,avg,H,,,False,creation_failed,"Status 400: {""StatusCode"":400,""Message"":""Profile already exists!""}",,,,,,
computed_PT5M_Quantitative_H_min,,PT5M,Quantitative,min,H,,,False,creation_failed,"Status 400: {""StatusCode"":400,""Message"":""Profile already exists!""}",,,,,,
computed_PT15M_Continuous_PY_min,,PT15M,Continuous,min,PY,,,False,creation_failed,"Status 400: {""StatusCode"":400,""Message"":""Profile already exists!""}",,,,,,
computed_PT5M_Quantitative_H_max_pila,,PT5M,Quantitative,max,H,,,False,creation_failed,"Status 400: {""StatusCode"":400,""Message"":""Profile already exists!""}",,,,,,
computed_PT15M_Continuous_PY_avg_pila,,PT15M,Continuous,avg,PY,,,False,creation_failed,"Status 400: {""StatusCode"":400,""Message"":""Profile already exists!""}",,,,,,
computed_PT5M_Quantitative_PW_sum,,PT5M,Quantitative,sum,PW,,,False,creation_failed,"Status 400: {""StatusCode"":400,""Message"":""Profile already exists!""}",,,,,,
computed_PT5M_Quantitative_H_min_pila,,PT5M,Quantitative,min,H,,,False,creation_failed,"Status 400: {""StatusCode"":400,""Message"":""Profile already exists!""}",,,,,,
computed_PT5M_Quantitative_PD_sum,,PT5M,Quantitative,sum,PD,,,False,creation_failed,"Status 400: {""StatusCode"":400,""Message"":""Profile already exists!""}",,,,,,
computed_PT5M_Quantitative_PD_min,,PT5M,Quantitative,min,PD,,,False,creation_failed,"Status 400: {""StatusCode"":400,""Message"":""Profile already exists!""}",,,,,,
computed_PT5M_Quantitative_PD_max,,PT5M,Quantitative,max,PD,,,False,creation_failed,"Status 400: {""StatusCode"":400,""Message"":""Profile already exists!""}",,,,,,
computed_PT5M_Quantitative_H_max,,PT5M,Quantitative,max,H,,,False,creation_failed,"Status 400: {""StatusCode"":400,""Message"":""Profile already exists!""}",,,,,,
computed_PT5M_Quantitative_PD_min_pila,,PT5M,Quantitative,min,PD,,,False,creation_failed,"Status 400: {""StatusCode"":400,""Message"":""Profile already exists!""}",,,,,,
computed_PT5M_Quantitative_PD_avg,,PT5M,Quantitative,avg,PD,,,False,creation_failed,"Status 400: {""StatusCode"":400,""Message"":""Profile already exists!""}",,,,,,
computed_PT5M_Quantitative_PD_max_pila,,PT5M,Quantitative,max,PD,,,False,creation_failed,"Status 400: {""StatusCode"":400,""Message"":""Profile already exists!""}",,,,,,
computed_PT5M_Quantitative_PD_avg_pila,,PT5M,Quantitative,avg,PD,,,False,creation_failed,"Status 400: {""StatusCode"":400,""Message"":""Profile already exists!""}",,,,,,
computed_PT5M_Quantitative_PW_min,,PT5M,Quantitative,min,PW,,,False,creation_failed,"Status 400: {""StatusCode"":400,""Message"":""Profile already exists!""}",,,,,,
computed_PT5M_Quantitative_PW_max,,PT5M,Quantitative,max,PW,,,False,creation_failed,"Status 400: {""StatusCode"":400,""Message"":""Profile already exists!""}",,,,,,
computed_PT5M_Quantitative_PW_avg_pila,,PT5M,Quantitative,avg,PW,,,False,creation_failed,"Status 400: {""StatusCode"":400,""Message"":""Profile already exists!""}",,,,,,
computed_PT5M_Quantitative_PW_min_pila,,PT5M,Quantitative,min,PW,,,False,creation_failed,"Status 400: {""StatusCode"":400,""Message"":""Profile already exists!""}",,,,,,
computed_PT5M_Quantitative_PE_min,,PT5M,Quantitative,min,PE,,,False,creation_failed,"Status 400: {""StatusCode"":400,""Message"":""Profile already exists!""}",,,,,,
computed_PT5M_Quantitative_PE_avg,,PT5M,Quantitative,avg,PE,,,False,creation_failed,"Status 400: {""StatusCode"":400,""Message"":""Profile already exists!""}",,,,,,
computed_PT5M_Quantitative_PE_avg_pila,,PT5M,Quantitative,avg,PE,,,False,creation_failed,"Status 400: {""StatusCode"":400,""Message"":""Profile already exists!""}",,,,,,
computed_PT5M_Quantitative_PE_max_pila,,PT5M,Quantitative,max,PE,,,False,creation_failed,"Status 400: {""StatusCode"":400,""Message"":""Profile already exists!""}",,,,,,
computed_PT5M_Quantitative_PM_avg,,PT5M,Quantitative,avg,PM,,,False,creation_failed,"Status 400: {""StatusCode"":400,""Message"":""Profile already exists!""}",,,,,,
computed_PT5M_Quantitative_PM_sum,,PT5M,Quantitative,sum,PM,,,False,creation_failed,"Status 400: {""StatusCode"":400,""Message"":""Profile already exists!""}",,,,,,
computed_PT5M_Quantitative_PW_max_pila,,PT5M,Quantitative,max,PW,,,False,creation_failed,"Status 400: {""StatusCode"":400,""Message"":""Profile already exists!""}",,,,,,
computed_PT5M_Quantitative_PW_avg,,PT5M,Quantitative,avg,PW,,,False,creation_failed,"Status 400: {""StatusCode"":400,""Message"":""Profile already exists!""}",,,,,,
computed_PT5M_Quantitative_PE_min_pila,,PT5M,Quantitative,min,PE,,,False,creation_failed,"Status 400: {""StatusCode"":400,""Message"":""Profile already exists!""}",,,,,,
computed_PT5M_Quantitative_PE_max,,PT5M,Quantitative,max,PE,,,False,creation_failed,"Status 400: {""StatusCode"":400,""Message"":""Profile already exists!""}",,,,,,
computed_PT5M_Quantitative_PE_sum,,PT5M,Quantitative,sum,PE,,,False,creation_failed,"Status 400: {""StatusCode"":400,""Message"":""Profile already exists!""}",,,,,,
computed_PT5M_Quantitative_PM_avg_pila,,PT5M,Quantitative,avg,PM,,,False,creation_failed,"Status 400: {""StatusCode"":400,""Message"":""Profile already exists!""}",,,,,,
computed_PT5M_Quantitative_PQ_avg_pila,,PT5M,Quantitative,avg,PQ,,,False,creation_failed,"Status 400: {""StatusCode"":400,""Message"":""Profile already exists!""}",,,,,,
computed_PT5M_Quantitative_PM_min_pila,,PT5M,Quantitative,min,PM,,,False,creation_failed,"Status 400: {""StatusCode"":400,""Message"":""Profile already exists!""}",,,,,,
computed_PT5M_Quantitative_PM_min,,PT5M,Quantitative,min,PM,,,False,creation_failed,"Status 400: {""StatusCode"":400,""Message"":""Profile already exists!""}",,,,,,
computed_PT5M_Quantitative_PM_max,,PT5M,Quantitative,max,PM,,,False,creation_failed,"Status 400: {""StatusCode"":400,""Message"":""Profile already exists!""}",,,,,,
computed_PT5M_Quantitative_PM_max_pila,,PT5M,Quantitative,max,PM,,,False,creation_failed,"Status 400: {""StatusCode"":400,""Message"":""Profile already exists!""}",,,,,,
computed_PT5M_Quantitative_PQ_avg,,PT5M,Quantitative,avg,PQ,,,False,creation_failed,"Status 400: {""StatusCode"":400,""Message"":""Profile already exists!""}",,,,,,
computed_PT5M_Quantitative_PQ_sum,,PT5M,Quantitative,sum,PQ,,,False,creation_failed,"Status 400: {""StatusCode"":400,""Message"":""Profile already exists!""}",,,,,,
computed_PT5M_Quantitative_PQ_max,,PT5M,Quantitative,max,PQ,,,False,creation_failed,"Status 400: {""StatusCode"":400,""Message"":""Profile already exists!""}",,,,,,
computed_PT5M_Quantitative_PY_avg_pila,,PT5M,Quantitative,avg,PY,,,False,creation_failed,"Status 400: {""StatusCode"":400,""Message"":""Profile already exists!""}",,,,,,
computed_PT5M_Quantitative_PY_sum,,PT5M,Quantitative,sum,PY,,,False,creation_failed,"Status 400: {""StatusCode"":400,""Message"":""Profile already exists!""}",,,,,,
computed_PT5M_Quantitative_PQ_max_pila,,PT5M,Quantitative,max,PQ,,,False,creation_failed,"Status 400: {""StatusCode"":400,""Message"":""Profile already exists!""}",,,,,,
computed_PT5M_Quantitative_PQ_min,,PT5M,Quantitative,min,PQ,,,False,creation_failed,"Status 400: {""StatusCode"":400,""Message"":""Profile already exists!""}",,,,,,
computed_PT5M_Quantitative_PY_min_pila,,PT5M,Quantitative,min,PY,,,False,creation_failed,"Status 400: {""StatusCode"":400,""Message"":""Profile already exists!""}",,,,,,
computed_PT5M_Quantitative_PY_min,,PT5M,Quantitative,min,PY,,,False,creation_failed,"Status 400: {""StatusCode"":400,""Message"":""Profile already exists!""}",,,,,,
computed_PT5M_Quantitative_PY_max,,PT5M,Quantitative,max,PY,,,False,creation_failed,"Status 400: {""StatusCode"":400,""Message"":""Profile already exists!""}",,,,,,
computed_PT5M_Quantitative_PQ_min_pila,,PT5M,Quantitative,min,PQ,,,False,creation_failed,"Status 400: {""StatusCode"":400,""Message"":""Profile already exists!""}",,,,,,
computed_PT5M_Quantitative_PY_max_pila,,PT5M,Quantitative,max,PY,,,False,creation_failed,"Status 400: {""StatusCode"":400,""Message"":""Profile already exists!""}",,,,,,
computed_PT5M_Quantitative_PY_avg,,PT5M,Quantitative,avg,PY,,,False,creation_failed,"Status 400: {""StatusCode"":400,""Message"":""Profile already exists!""}",,,,,,
computed_PT5M_Continuous_H_avg_pila,,PT5M,Continuous,avg,H,,,False,creation_failed,"Status 400: {""StatusCode"":400,""Message"":""Profile already exists!""}",,,,,,
computed_PT5M_Continuous_H_avg,,PT5M,Continuous,avg,H,,,False,creation_failed,"Status 400: {""StatusCode"":400,""Message"":""Profile already exists!""}",,,,,,
computed_PT5M_Continuous_H_min_pila,,PT5M,Continuous,min,H,,,False,creation_failed,"Status 400: {""StatusCode"":400,""Message"":""Profile already exists!""}",,,,,,
computed_PT5M_Continuous_H_min,,PT5M,Continuous,min,H,,,False,creation_failed,"Status 400: {""StatusCode"":400,""Message"":""Profile already exists!""}",,,,,,
computed_PT5M_Continuous_PD_avg_pila,,PT5M,Continuous,avg,PD,,,False,creation_failed,"Status 400: {""StatusCode"":400,""Message"":""Profile already exists!""}",,,,,,
computed_PT5M_Continuous_H_max,,PT5M,Continuous,max,H,,,False,creation_failed,"Status 400: {""StatusCode"":400,""Message"":""Profile already exists!""}",,,,,,
computed_PT5M_Continuous_PD_avg,,PT5M,Continuous,avg,PD,,,False,creation_failed,"Status 400: {""StatusCode"":400,""Message"":""Profile already exists!""}",,,,,,
computed_PT5M_Continuous_PD_max,,PT5M,Continuous,max,PD,,,False,creation_failed,"Status 400: {""StatusCode"":400,""Message"":""Profile already exists!""}",,,,,,
computed_PT5M_Continuous_H_sum,,PT5M,Continuous,sum,H,,,False,creation_failed,"Status 400: {""StatusCode"":400,""Message"":""Profile already exists!""}",,,,,,
computed_PT5M_Continuous_PD_min_pila,,PT5M,Continuous,min,PD,,,False,creation_failed,"Status 400: {""StatusCode"":400,""Message"":""Profile already exists!""}",,,,,,
computed_PT5M_Continuous_H_max_pila,,PT5M,Continuous,max,H,,,False,creation_failed,"Status 400: {""StatusCode"":400,""Message"":""Profile already exists!""}",,,,,,
computed_PT5M_Continuous_PW_avg,,PT5M,Continuous,avg,PW,,,False,creation_failed,"Status 400: {""StatusCode"":400,""Message"":""Profile already exists!""}",,,,,,
computed_PT5M_Continuous_PW_avg_pila,,PT5M,Continuous,avg,PW,,,False,creation_failed,"Status 400: {""StatusCode"":400,""Message"":""Profile already exists!""}",,,,,,
computed_PT5M_Continuous_PD_sum,,PT5M,Continuous,sum,PD,,,False,creation_failed,"Status 400: {""StatusCode"":400,""Message"":""Profile already exists!""}",,,,,,
computed_PT5M_Continuous_PD_min,,PT5M,Continuous,min,PD,,,False,creation_failed,"Status 400: {""StatusCode"":400,""Message"":""Profile already exists!""}",,,,,,
computed_PT5M_Continuous_PE_min,,PT5M,Continuous,min,PE,,,False,creation_failed,"Status 400: {""StatusCode"":400,""Message"":""Profile already exists!""}",,,,,,
computed_PT5M_Continuous_PD_max_pila,,PT5M,Continuous,max,PD,,,False,creation_failed,"Status 400: {""StatusCode"":400,""Message"":""Profile already exists!""}",,,,,,
computed_PT5M_Continuous_PW_min,,PT5M,Continuous,min,PW,,,False,creation_failed,"Status 400: {""StatusCode"":400,""Message"":""Profile already exists!""}",,,,,,
computed_PT5M_Continuous_PE_sum,,PT5M,Continuous,sum,PE,,,False,creation_failed,"Status 400: {""StatusCode"":400,""Message"":""Profile already exists!""}",,,,,,
computed_PT5M_Continuous_PW_min_pila,,PT5M,Continuous,min,PW,,,False,creation_failed,"Status 400: {""StatusCode"":400,""Message"":""Profile already exists!""}",,,,,,
computed_PT5M_Continuous_PE_max,,PT5M,Continuous,max,PE,,,False,creation_failed,"Status 400: {""StatusCode"":400,""Message"":""Profile already exists!""}",,,,,,
computed_PT5M_Continuous_PW_max,,PT5M,Continuous,max,PW,,,False,creation_failed,"Status 400: {""StatusCode"":400,""Message"":""Profile already exists!""}",,,,,,
computed_PT5M_Continuous_PE_avg_pila,,PT5M,Continuous,avg,PE,,,False,creation_failed,"Status 400: {""StatusCode"":400,""Message"":""Profile already exists!""}",,,,,,
computed_PT5M_Continuous_PW_max_pila,,PT5M,Continuous,max,PW,,,False,creation_failed,"Status 400: {""StatusCode"":400,""Message"":""Profile already exists!""}",,,,,,
computed_PT5M_Continuous_PW_sum,,PT5M,Continuous,sum,PW,,,False,creation_failed,"Status 400: {""StatusCode"":400,""Message"":""Profile already exists!""}",,,,,,
computed_PT5M_Continuous_PE_max_pila,,PT5M,Continuous,max,PE,,,False,creation_failed,"Status 400: {""StatusCode"":400,""Message"":""Profile already exists!""}",,,,,,
computed_PT5M_Continuous_PM_sum,,PT5M,Continuous,sum,PM,,,False,creation_failed,"Status 400: {""StatusCode"":400,""Message"":""Profile already exists!""}",,,,,,
computed_PT5M_Continuous_PM_min,,PT5M,Continuous,min,PM,,,False,creation_failed,"Status 400: {""StatusCode"":400,""Message"":""Profile already exists!""}",,,,,,
computed_PT5M_Continuous_PE_avg,,PT5M,Continuous,avg,PE,,,False,creation_failed,"Status 400: {""StatusCode"":400,""Message"":""Profile already exists!""}",,,,,,
computed_PT5M_Continuous_PM_max,,PT5M,Continuous,max,PM,,,False,creation_failed,"Status 400: {""StatusCode"":400,""Message"":""Profile already exists!""}",,,,,,
computed_PT5M_Continuous_PE_min_pila,,PT5M,Continuous,min,PE,,,False,creation_failed,"Status 400: {""StatusCode"":400,""Message"":""Profile already exists!""}",,,,,,
computed_PT5M_Continuous_PM_avg,,PT5M,Continuous,avg,PM,,,False,creation_failed,"Status 400: {""StatusCode"":400,""Message"":""Profile already exists!""}",,,,,,
computed_PT5M_Continuous_PQ_avg,,PT5M,Continuous,avg,PQ,,,False,creation_failed,"Status 400: {""StatusCode"":400,""Message"":""Profile already exists!""}",,,,,,
computed_PT5M_Continuous_PQ_sum,,PT5M,Continuous,sum,PQ,,,False,creation_failed,"Status 400: {""StatusCode"":400,""Message"":""Profile already exists!""}",,,,,,
computed_PT5M_Continuous_PQ_avg_pila,,PT5M,Continuous,avg,PQ,,,False,creation_failed,"Status 400: {""StatusCode"":400,""Message"":""Profile already exists!""}",,,,,,
computed_PT5M_Continuous_PM_avg_pila,,PT5M,Continuous,avg,PM,,,False,creation_failed,"Status 400: {""StatusCode"":400,""Message"":""Profile already exists!""}",,,,,,
computed_PT5M_Continuous_PM_min_pila,,PT5M,Continuous,min,PM,,,False,creation_failed,"Status 400: {""StatusCode"":400,""Message"":""Profile already exists!""}",,,,,,
computed_PT5M_Continuous_PQ_min_pila,,PT5M,Continuous,min,PQ,,,False,creation_failed,"Status 400: {""StatusCode"":400,""Message"":""Profile already exists!""}",,,,,,
computed_PT5M_Continuous_PY_avg_pila,,PT5M,Continuous,avg,PY,,,False,creation_failed,"Status 400: {""StatusCode"":400,""Message"":""Profile already exists!""}",,,,,,
computed_PT5M_Continuous_PQ_max_pila,,PT5M,Continuous,max,PQ,,,False,creation_failed,"Status 400: {""StatusCode"":400,""Message"":""Profile already exists!""}",,,,,,
computed_PT5M_Continuous_PY_sum,,PT5M,Continuous,sum,PY,,,False,creation_failed,"Status 400: {""StatusCode"":400,""Message"":""Profile already exists!""}",,,,,,
computed_PT5M_Continuous_PQ_max,,PT5M,Continuous,max,PQ,,,False,creation_failed,"Status 400: {""StatusCode"":400,""Message"":""Profile already exists!""}",,,,,,
computed_PT5M_Continuous_PY_min,,PT5M,Continuous,min,PY,,,False,creation_failed,"Status 400: {""StatusCode"":400,""Message"":""Profile already exists!""}",,,,,,
computed_PT5M_Continuous_PY_min_pila,,PT5M,Continuous,min,PY,,,False,creation_failed,"Status 400: {""StatusCode"":400,""Message"":""Profile already exists!""}",,,,,,
computed_PT5M_Continuous_PY_avg,,PT5M,Continuous,avg,PY,,,False,creation_failed,"Status 400: {""StatusCode"":400,""Message"":""Profile already exists!""}",,,,,,
computed_PT5M_Continuous_PQ_min,,PT5M,Continuous,min,PQ,,,False,creation_failed,"Status 400: {""StatusCode"":400,""Message"":""Profile already exists!""}",,,,,,
computed_PT5M_Continuous_PY_max_pila,,PT5M,Continuous,max,PY,,,False,creation_failed,"Status 400: {""StatusCode"":400,""Message"":""Profile already exists!""}",,,,,,
computed_PT1M_Quantitative_H_avg,,PT1M,Quantitative,avg,H,,,False,creation_failed,"Status 400: {""StatusCode"":400,""Message"":""Profile already exists!""}",,,,,,
computed_PT5M_Continuous_PM_max_pila,,PT5M,Continuous,max,PM,,,False,creation_failed,"Status 400: {""StatusCode"":400,""Message"":""Profile already exists!""}",,,,,,
computed_PT5M_Continuous_PY_max,,PT5M,Continuous,max,PY,,,False,creation_failed,"Status 400: {""StatusCode"":400,""Message"":""Profile already exists!""}",,,,,,
computed_PT1M_Quantitative_H_sum,,PT1M,Quantitative,sum,H,,,False,creation_failed,"Status 400: {""StatusCode"":400,""Message"":""Profile already exists!""}",,,,,,
computed_PT1M_Quantitative_H_avg_pila,,PT1M,Quantitative,avg,H,,,False,creation_failed,"Status 400: {""StatusCode"":400,""Message"":""Profile already exists!""}",,,,,,
computed_PT1M_Quantitative_PD_avg,,PT1M,Quantitative,avg,PD,,,False,creation_failed,"Status 400: {""StatusCode"":400,""Message"":""Profile already exists!""}",,,,,,
computed_PT1M_Quantitative_H_max_pila,,PT1M,Quantitative,max,H,,,False,creation_failed,"Status 400: {""StatusCode"":400,""Message"":""Profile already exists!""}",,,,,,
computed_PT1M_Quantitative_H_max,,PT1M,Quantitative,max,H,,,False,creation_failed,"Status 400: {""StatusCode"":400,""Message"":""Profile already exists!""}",,,,,,
computed_PT1M_Quantitative_PD_min,,PT1M,Quantitative,min,PD,,,False,creation_failed,"Status 400: {""StatusCode"":400,""Message"":""Profile already exists!""}",,,,,,
computed_PT1M_Quantitative_H_min,,PT1M,Quantitative,min,H,,,False,creation_failed,"Status 400: {""StatusCode"":400,""Message"":""Profile already exists!""}",,,,,,
computed_PT1M_Quantitative_H_min_pila,,PT1M,Quantitative,min,H,,,False,creation_failed,"Status 400: {""StatusCode"":400,""Message"":""Profile already exists!""}",,,,,,
computed_PT1M_Quantitative_PD_max_pila,,PT1M,Quantitative,max,PD,,,False,creation_failed,"Status 400: {""StatusCode"":400,""Message"":""Profile already exists!""}",,,,,,
computed_PT1M_Quantitative_PD_sum,,PT1M,Quantitative,sum,PD,,,False,creation_failed,"Status 400: {""StatusCode"":400,""Message"":""Profile already exists!""}",,,,,,
computed_PT1M_Quantitative_PD_avg_pila,,PT1M,Quantitative,avg,PD,,,False,creation_failed,"Status 400: {""StatusCode"":400,""Message"":""Profile already exists!""}",,,,,,
computed_PT1M_Quantitative_PW_avg_pila,,PT1M,Quantitative,avg,PW,,,False,creation_failed,"Status 400: {""StatusCode"":400,""Message"":""Profile already exists!""}",,,,,,
computed_PT1M_Quantitative_PD_min_pila,,PT1M,Quantitative,min,PD,,,False,creation_failed,"Status 400: {""StatusCode"":400,""Message"":""Profile already exists!""}",,,,,,
computed_PT1M_Quantitative_PW_min,,PT1M,Quantitative,min,PW,,,False,creation_failed,"Status 400: {""StatusCode"":400,""Message"":""Profile already exists!""}",,,,,,
computed_PT1M_Quantitative_PW_min_pila,,PT1M,Quantitative,min,PW,,,False,creation_failed,"Status 400: {""StatusCode"":400,""Message"":""Profile already exists!""}",,,,,,
computed_PT1M_Quantitative_PW_sum,,PT1M,Quantitative,sum,PW,,,False,creation_failed,"Status 400: {""StatusCode"":400,""Message"":""Profile already exists!""}",,,,,,
computed_PT1M_Quantitative_PD_max,,PT1M,Quantitative,max,PD,,,False,creation_failed,"Status 400: {""StatusCode"":400,""Message"":""Profile already exists!""}",,,,,,
computed_PT1M_Quantitative_PW_max_pila,,PT1M,Quantitative,max,PW,,,False,creation_failed,"Status 400: {""StatusCode"":400,""Message"":""Profile already exists!""}",,,,,,
computed_PT1M_Quantitative_PE_max_pila,,PT1M,Quantitative,max,PE,,,False,creation_failed,"Status 400: {""StatusCode"":400,""Message"":""Profile already exists!""}",,,,,,
computed_PT1M_Quantitative_PE_sum,,PT1M,Quantitative,sum,PE,,,False,creation_failed,"Status 400: {""StatusCode"":400,""Message"":""Profile already exists!""}",,,,,,
computed_PT1M_Quantitative_PM_avg,,PT1M,Quantitative,avg,PM,,,False,creation_failed,"Status 400: {""StatusCode"":400,""Message"":""Profile already exists!""}",,,,,,
computed_PT1M_Quantitative_PW_max,,PT1M,Quantitative,max,PW,,,False,creation_failed,"Status 400: {""StatusCode"":400,""Message"":""Profile already exists!""}",,,,,,
computed_PT1M_Quantitative_PE_min_pila,,PT1M,Quantitative,min,PE,,,False,creation_failed,"Status 400: {""StatusCode"":400,""Message"":""Profile already exists!""}",,,,,,
computed_PT1M_Quantitative_PE_avg_pila,,PT1M,Quantitative,avg,PE,,,False,creation_failed,"Status 400: {""StatusCode"":400,""Message"":""Profile already exists!""}",,,,,,
computed_PT1M_Quantitative_PE_max,,PT1M,Quantitative,max,PE,,,False,creation_failed,"Status 400: {""StatusCode"":400,""Message"":""Profile already exists!""}",,,,,,
computed_PT1M_Quantitative_PE_avg,,PT1M,Quantitative,avg,PE,,,False,creation_failed,"Status 400: {""StatusCode"":400,""Message"":""Profile already exists!""}",,,,,,
computed_PT1M_Quantitative_PW_avg,,PT1M,Quantitative,avg,PW,,,False,creation_failed,"Status 400: {""StatusCode"":400,""Message"":""Profile already exists!""}",,,,,,
computed_PT1M_Quantitative_PE_min,,PT1M,Quantitative,min,PE,,,False,creation_failed,"Status 400: {""StatusCode"":400,""Message"":""Profile already exists!""}",,,,,,
computed_PT1M_Quantitative_PM_sum,,PT1M,Quantitative,sum,PM,,,False,creation_failed,"Status 400: {""StatusCode"":400,""Message"":""Profile already exists!""}",,,,,,
computed_PT1M_Quantitative_PM_min,,PT1M,Quantitative,min,PM,,,False,creation_failed,"Status 400: {""StatusCode"":400,""Message"":""Profile already exists!""}",,,,,,
computed_PT1M_Quantitative_PQ_avg_pila,,PT1M,Quantitative,avg,PQ,,,False,creation_failed,"Status 400: {""StatusCode"":400,""Message"":""Profile already exists!""}",,,,,,
computed_PT1M_Quantitative_PM_min_pila,,PT1M,Quantitative,min,PM,,,False,creation_failed,"Status 400: {""StatusCode"":400,""Message"":""Profile already exists!""}",,,,,,
computed_PT1M_Quantitative_PM_max_pila,,PT1M,Quantitative,max,PM,,,False,creation_failed,"Status 400: {""StatusCode"":400,""Message"":""Profile already exists!""}",,,,,,
computed_PT1M_Quantitative_PQ_avg,,PT1M,Quantitative,avg,PQ,,,False,creation_failed,"Status 400: {""StatusCode"":400,""Message"":""Profile already exists!""}",,,,,,
computed_PT1M_Quantitative_PQ_min,,PT1M,Quantitative,min,PQ,,,False,creation_failed,"Status 400: {""StatusCode"":400,""Message"":""Profile already exists!""}",,,,,,
computed_PT1M_Quantitative_PM_max,,PT1M,Quantitative,max,PM,,,False,creation_failed,"Status 400: {""StatusCode"":400,""Message"":""Profile already exists!""}",,,,,,
computed_PT1M_Quantitative_PY_avg,,PT1M,Quantitative,avg,PY,,,False,creation_failed,"Status 400: {""StatusCode"":400,""Message"":""Profile already exists!""}",,,,,,
computed_PT1M_Quantitative_PM_avg_pila,,PT1M,Quantitative,avg,PM,,,False,creation_failed,"Status 400: {""StatusCode"":400,""Message"":""Profile already exists!""}",,,,,,
computed_PT1M_Quantitative_PQ_sum,,PT1M,Quantitative,sum,PQ,,,False,creation_failed,"Status 400: {""StatusCode"":400,""Message"":""Profile already exists!""}",,,,,,
computed_PT1M_Quantitative_PQ_max_pila,,PT1M,Quantitative,max,PQ,,,False,creation_failed,"Status 400: {""StatusCode"":400,""Message"":""Profile already exists!""}",,,,,,
computed_PT1M_Quantitative_PY_min,,PT1M,Quantitative,min,PY,,,False,creation_failed,"Status 400: {""StatusCode"":400,""Message"":""Profile already exists!""}",,,,,,
computed_PT1M_Quantitative_PQ_max,,PT1M,Quantitative,max,PQ,,,False,creation_failed,"Status 400: {""StatusCode"":400,""Message"":""Profile already exists!""}",,,,,,
computed_PT1M_Quantitative_PQ_min_pila,,PT1M,Quantitative,min,PQ,,,False,creation_failed,"Status 400: {""StatusCode"":400,""Message"":""Profile already exists!""}",,,,,,
computed_PT1M_Continuous_H_sum,,PT1M,Continuous,sum,H,,,False,creation_failed,"Status 400: {""StatusCode"":400,""Message"":""Profile already exists!""}",,,,,,
computed_PT1M_Quantitative_PY_max_pila,,PT1M,Quantitative,max,PY,,,False,creation_failed,"Status 400: {""StatusCode"":400,""Message"":""Profile already exists!""}",,,,,,
computed_PT1M_Continuous_H_min,,PT1M,Continuous,min,H,,,False,creation_failed,"Status 400: {""StatusCode"":400,""Message"":""Profile already exists!""}",,,,,,
computed_PT1M_Quantitative_PY_max,,PT1M,Quantitative,max,PY,,,False,creation_failed,"Status 400: {""StatusCode"":400,""Message"":""Profile already exists!""}",,,,,,
computed_PT1M_Continuous_H_avg,,PT1M,Continuous,avg,H,,,False,creation_failed,"Status 400: {""StatusCode"":400,""Message"":""Profile already exists!""}",,,,,,
computed_PT1M_Quantitative_PY_avg_pila,,PT1M,Quantitative,avg,PY,,,False,creation_failed,"Status 400: {""StatusCode"":400,""Message"":""Profile already exists!""}",,,,,,
computed_PT1M_Quantitative_PY_min_pila,,PT1M,Quantitative,min,PY,,,False,creation_failed,"Status 400: {""StatusCode"":400,""Message"":""Profile already exists!""}",,,,,,
computed_PT1M_Continuous_PD_avg,,PT1M,Continuous,avg,PD,,,False,creation_failed,"Status 400: {""StatusCode"":400,""Message"":""Profile already exists!""}",,,,,,
computed_PT1M_Continuous_H_max_pila,,PT1M,Continuous,max,H,,,False,creation_failed,"Status 400: {""StatusCode"":400,""Message"":""Profile already exists!""}",,,,,,
computed_PT1M_Continuous_PD_sum,,PT1M,Continuous,sum,PD,,,False,creation_failed,"Status 400: {""StatusCode"":400,""Message"":""Profile already exists!""}",,,,,,
computed_PT1M_Continuous_PD_min_pila,,PT1M,Continuous,min,PD,,,False,creation_failed,"Status 400: {""StatusCode"":400,""Message"":""Profile already exists!""}",,,,,,
computed_PT1M_Continuous_H_avg_pila,,PT1M,Continuous,avg,H,,,False,creation_failed,"Status 400: {""StatusCode"":400,""Message"":""Profile already exists!""}",,,,,,
computed_PT1M_Continuous_PD_max,,PT1M,Continuous,max,PD,,,False,creation_failed,"Status 400: {""StatusCode"":400,""Message"":""Profile already exists!""}",,,,,,
computed_PT1M_Continuous_H_min_pila,,PT1M,Continuous,min,H,,,False,creation_failed,"Status 400: {""StatusCode"":400,""Message"":""Profile already exists!""}",,,,,,
computed_PT1M_Continuous_PD_min,,PT1M,Continuous,min,PD,,,False,creation_failed,"Status 400: {""StatusCode"":400,""Message"":""Profile already exists!""}",,,,,,
computed_PT1M_Continuous_PD_avg_pila,,PT1M,Continuous,avg,PD,,,False,creation_failed,"Status 400: {""StatusCode"":400,""Message"":""Profile already exists!""}",,,,,,
computed_PT1M_Continuous_H_max,,PT1M,Continuous,max,H,,,False,creation_failed,"Status 400: {""StatusCode"":400,""Message"":""Profile already exists!""}",,,,,,
computed_PT1M_Continuous_PD_max_pila,,PT1M,Continuous,max,PD,,,False,creation_failed,"Status 400: {""StatusCode"":400,""Message"":""Profile already exists!""}",,,,,,
computed_PT1M_Continuous_PW_min,,PT1M,Continuous,min,PW,,,False,creation_failed,"Status 400: {""StatusCode"":400,""Message"":""Profile already exists!""}",,,,,,
computed_PT1M_Quantitative_PY_sum,,PT1M,Quantitative,sum,PY,,,False,creation_failed,"Status 400: {""StatusCode"":400,""Message"":""Profile already exists!""}",,,,,,
computed_PT1M_Continuous_PW_avg,,PT1M,Continuous,avg,PW,,,False,creation_failed,"Status 400: {""StatusCode"":400,""Message"":""Profile already exists!""}",,,,,,
computed_PT1M_Continuous_PW_max,,PT1M,Continuous,max,PW,,,False,creation_failed,"Status 400: {""StatusCode"":400,""Message"":""Profile already exists!""}",,,,,,
computed_PT1M_Continuous_PW_avg_pila,,PT1M,Continuous,avg,PW,,,False,creation_failed,"Status 400: {""StatusCode"":400,""Message"":""Profile already exists!""}",,,,,,
computed_PT1M_Continuous_PW_sum,,PT1M,Continuous,sum,PW,,,False,creation_failed,"Status 400: {""StatusCode"":400,""Message"":""Profile already exists!""}",,,,,,
computed_PT1M_Continuous_PE_avg_pila,,PT1M,Continuous,avg,PE,,,False,creation_failed,"Status 400: {""StatusCode"":400,""Message"":""Profile already exists!""}",,,,,,
computed_PT1M_Continuous_PW_max_pila,,PT1M,Continuous,max,PW,,,False,creation_failed,"Status 400: {""StatusCode"":400,""Message"":""Profile already exists!""}",,,,,,
computed_PT1M_Continuous_PE_max,,PT1M,Continuous,max,PE,,,False,creation_failed,"Status 400: {""StatusCode"":400,""Message"":""Profile already exists!""}",,,,,,
computed_PT1M_Continuous_PE_min,,PT1M,Continuous,min,PE,,,False,creation_failed,"Status 400: {""StatusCode"":400,""Message"":""Profile already exists!""}",,,,,,
computed_PT1M_Continuous_PE_sum,,PT1M,Continuous,sum,PE,,,False,creation_failed,"Status 400: {""StatusCode"":400,""Message"":""Profile already exists!""}",,,,,,
computed_PT1M_Continuous_PE_min_pila,,PT1M,Continuous,min,PE,,,False,creation_failed,"Status 400: {""StatusCode"":400,""Message"":""Profile already exists!""}",,,,,,
computed_PT1M_Continuous_PE_max_pila,,PT1M,Continuous,max,PE,,,False,creation_failed,"Status 400: {""StatusCode"":400,""Message"":""Profile already exists!""}",,,,,,
computed_PT1M_Continuous_PW_min_pila,,PT1M,Continuous,min,PW,,,False,creation_failed,"Status 400: {""StatusCode"":400,""Message"":""Profile already exists!""}",,,,,,
computed_PT1M_Continuous_PE_avg,,PT1M,Continuous,avg,PE,,,False,creation_failed,"Status 400: {""StatusCode"":400,""Message"":""Profile already exists!""}",,,,,,
computed_PT1M_Continuous_PM_sum,,PT1M,Continuous,sum,PM,,,False,creation_failed,"Status 400: {""StatusCode"":400,""Message"":""Profile already exists!""}",,,,,,
computed_PT1M_Continuous_PM_min,,PT1M,Continuous,min,PM,,,False,creation_failed,"Status 400: {""StatusCode"":400,""Message"":""Profile already exists!""}",,,,,,
computed_PT1M_Continuous_PM_max_pila,,PT1M,Continuous,max,PM,,,False,creation_failed,"Status 400: {""StatusCode"":400,""Message"":""Profile already exists!""}",,,,,,
computed_PT1M_Continuous_PM_avg_pila,,PT1M,Continuous,avg,PM,,,False,creation_failed,"Status 400: {""StatusCode"":400,""Message"":""Profile already exists!""}",,,,,,
computed_PT1M_Continuous_PM_avg,,PT1M,Continuous,avg,PM,,,False,creation_failed,"Status 400: {""StatusCode"":400,""Message"":""Profile already exists!""}",,,,,,
computed_PT1M_Continuous_PM_min_pila,,PT1M,Continuous,min,PM,,,False,creation_failed,"Status 400: {""StatusCode"":400,""Message"":""Profile already exists!""}",,,,,,
computed_PT1M_Continuous_PM_max,,PT1M,Continuous,max,PM,,,False,creation_failed,"Status 400: {""StatusCode"":400,""Message"":""Profile already exists!""}",,,,,,
computed_PT1M_Continuous_PQ_avg_pila,,PT1M,Continuous,avg,PQ,,,False,creation_failed,"Status 400: {""StatusCode"":400,""Message"":""Profile already exists!""}",,,,,,
computed_PT1M_Continuous_PQ_min,,PT1M,Continuous,min,PQ,,,False,creation_failed,"Status 400: {""StatusCode"":400,""Message"":""Profile already exists!""}",,,,,,
computed_PT1M_Continuous_PQ_sum,,PT1M,Continuous,sum,PQ,,,False,creation_failed,"Status 400: {""StatusCode"":400,""Message"":""Profile already exists!""}",,,,,,
computed_PT1M_Continuous_PQ_avg,,PT1M,Continuous,avg,PQ,,,False,creation_failed,"Status 400: {""StatusCode"":400,""Message"":""Profile already exists!""}",,,,,,
computed_PT1M_Continuous_PQ_min_pila,,PT1M,Continuous,min,PQ,,,False,creation_failed,"Status 400: {""StatusCode"":400,""Message"":""Profile already exists!""}",,,,,,
computed_PT1M_Continuous_PY_max,,PT1M,Continuous,max,PY,,,False,creation_failed,"Status 400: {""StatusCode"":400,""Message"":""Profile already exists!""}",,,,,,
computed_PT1M_Continuous_PQ_max_pila,,PT1M,Continuous,max,PQ,,,False,creation_failed,"Status 400: {""StatusCode"":400,""Message"":""Profile already exists!""}",,,,,,
computed_PT1M_Continuous_PY_min_pila,,PT1M,Continuous,min,PY,,,False,creation_failed,"Status 400: {""StatusCode"":400,""Message"":""Profile already exists!""}",,,,,,
computed_PT1M_Continuous_PY_avg_pila,,PT1M,Continuous,avg,PY,,,False,creation_failed,"Status 400: {""StatusCode"":400,""Message"":""Profile already exists!""}",,,,,,
computed_PT1M_Continuous_PY_min,,PT1M,Continuous,min,PY,,,False,creation_failed,"Status 400: {""StatusCode"":400,""Message"":""Profile already exists!""}",,,,,,
computed_PT1M_Continuous_PY_sum,,PT1M,Continuous,sum,PY,,,False,creation_failed,"Status 400: {""StatusCode"":400,""Message"":""Profile already exists!""}",,,,,,
computed_PT1M_Continuous_PQ_max,,PT1M,Continuous,max,PQ,,,False,creation_failed,"Status 400: {""StatusCode"":400,""Message"":""Profile already exists!""}",,,,,,
computed_PT1M_Continuous_PY_avg,,PT1M,Continuous,avg,PY,,,False,creation_failed,"Status 400: {""StatusCode"":400,""Message"":""Profile already exists!""}",,,,,,
computed_PT10M_Quantitative_H_avg,,PT10M,Quantitative,avg,H,,,False,creation_failed,"Status 400: {""StatusCode"":400,""Message"":""Profile already exists!""}",,,,,,
computed_PT10M_Quantitative_H_max,,PT10M,Quantitative,max,H,,,False,creation_failed,"Status 400: {""StatusCode"":400,""Message"":""Profile already exists!""}",,,,,,
computed_PT10M_Quantitative_H_sum,,PT10M,Quantitative,sum,H,,,False,creation_failed,"Status 400: {""StatusCode"":400,""Message"":""Profile already exists!""}",,,,,,
computed_PT10M_Quantitative_H_min_pila,,PT10M,Quantitative,min,H,,,False,creation_failed,"Status 400: {""StatusCode"":400,""Message"":""Profile already exists!""}",,,,,,
computed_PT1M_Continuous_PY_max_pila,,PT1M,Continuous,max,PY,,,False,creation_failed,"Status 400: {""StatusCode"":400,""Message"":""Profile already exists!""}",,,,,,
computed_PT10M_Quantitative_H_avg_pila,,PT10M,Quantitative,avg,H,,,False,creation_failed,"Status 400: {""StatusCode"":400,""Message"":""Profile already exists!""}",,,,,,
computed_PT10M_Quantitative_H_max_pila,,PT10M,Quantitative,max,H,,,False,creation_failed,"Status 400: {""StatusCode"":400,""Message"":""Profile already exists!""}",,,,,,
computed_PT10M_Quantitative_H_min,,PT10M,Quantitative,min,H,,,False,creation_failed,"Status 400: {""StatusCode"":400,""Message"":""Profile already exists!""}",,,,,,
computed_PT10M_Quantitative_PD_max,,PT10M,Quantitative,max,PD,,,False,creation_failed,"Status 400: {""StatusCode"":400,""Message"":""Profile already exists!""}",,,,,,
computed_PT10M_Quantitative_PD_avg,,PT10M,Quantitative,avg,PD,,,False,creation_failed,"Status 400: {""StatusCode"":400,""Message"":""Profile already exists!""}",,,,,,
computed_PT10M_Quantitative_PD_sum,,PT10M,Quantitative,sum,PD,,,False,creation_failed,"Status 400: {""StatusCode"":400,""Message"":""Profile already exists!""}",,,,,,
computed_PT10M_Quantitative_PD_min,,PT10M,Quantitative,min,PD,,,False,creation_failed,"Status 400: {""StatusCode"":400,""Message"":""Profile already exists!""}",,,,,,
computed_PT10M_Quantitative_PD_max_pila,,PT10M,Quantitative,max,PD,,,False,creation_failed,"Status 400: {""StatusCode"":400,""Message"":""Profile already exists!""}",,,,,,
computed_PT10M_Quantitative_PD_min_pila,,PT10M,Quantitative,min,PD,,,False,creation_failed,"Status 400: {""StatusCode"":400,""Message"":""Profile already exists!""}",,,,,,
computed_PT10M_Quantitative_PD_avg_pila,,PT10M,Quantitative,avg,PD,,,False,creation_failed,"Status 400: {""StatusCode"":400,""Message"":""Profile already exists!""}",,,,,,
computed_PT10M_Quantitative_PW_max_pila,,PT10M,Quantitative,max,PW,,,False,creation_failed,"Status 400: {""StatusCode"":400,""Message"":""Profile already exists!""}",,,,,,
computed_PT10M_Quantitative_PW_avg_pila,,PT10M,Quantitative,avg,PW,,,False,creation_failed,"Status 400: {""StatusCode"":400,""Message"":""Profile already exists!""}",,,,,,
computed_PT10M_Quantitative_PW_max,,PT10M,Quantitative,max,PW,,,False,creation_failed,"Status 400: {""StatusCode"":400,""Message"":""Profile already exists!""}",,,,,,
computed_PT10M_Quantitative_PW_avg,,PT10M,Quantitative,avg,PW,,,False,creation_failed,"Status 400: {""StatusCode"":400,""Message"":""Profile already exists!""}",,,,,,
computed_PT10M_Quantitative_PW_min_pila,,PT10M,Quantitative,min,PW,,,False,creation_failed,"Status 400: {""StatusCode"":400,""Message"":""Profile already exists!""}",,,,,,
computed_PT10M_Quantitative_PE_max,,PT10M,Quantitative,max,PE,,,False,creation_failed,"Status 400: {""StatusCode"":400,""Message"":""Profile already exists!""}",,,,,,
computed_PT10M_Quantitative_PE_avg,,PT10M,Quantitative,avg,PE,,,False,creation_failed,"Status 400: {""StatusCode"":400,""Message"":""Profile already exists!""}",,,,,,
computed_PT10M_Quantitative_PE_min,,PT10M,Quantitative,min,PE,,,False,creation_failed,"Status 400: {""StatusCode"":400,""Message"":""Profile already exists!""}",,,,,,
computed_PT10M_Quantitative_PE_min_pila,,PT10M,Quantitative,min,PE,,,False,creation_failed,"Status 400: {""StatusCode"":400,""Message"":""Profile already exists!""}",,,,,,
computed_PT10M_Quantitative_PW_min,,PT10M,Quantitative,min,PW,,,False,creation_failed,"Status 400: {""StatusCode"":400,""Message"":""Profile already exists!""}",,,,,,
computed_PT10M_Quantitative_PW_sum,,PT10M,Quantitative,sum,PW,,,False,creation_failed,"Status 400: {""StatusCode"":400,""Message"":""Profile already exists!""}",,,,,,
computed_PT10M_Quantitative_PE_sum,,PT10M,Quantitative,sum,PE,,,False,creation_failed,"Status 400: {""StatusCode"":400,""Message"":""Profile already exists!""}",,,,,,
computed_PT10M_Quantitative_PE_avg_pila,,PT10M,Quantitative,avg,PE,,,False,creation_failed,"Status 400: {""StatusCode"":400,""Message"":""Profile already exists!""}",,,,,,
computed_PT10M_Quantitative_PM_sum,,PT10M,Quantitative,sum,PM,,,False,creation_failed,"Status 400: {""StatusCode"":400,""Message"":""Profile already exists!""}",,,,,,
computed_PT10M_Quantitative_PM_avg,,PT10M,Quantitative,avg,PM,,,False,creation_failed,"Status 400: {""StatusCode"":400,""Message"":""Profile already exists!""}",,,,,,
computed_PT10M_Quantitative_PM_min,,PT10M,Quantitative,min,PM,,,False,creation_failed,"Status 400: {""StatusCode"":400,""Message"":""Profile already exists!""}",,,,,,
computed_PT10M_Quantitative_PM_max,,PT10M,Quantitative,max,PM,,,False,creation_failed,"Status 400: {""StatusCode"":400,""Message"":""Profile already exists!""}",,,,,,
computed_PT10M_Quantitative_PQ_avg,,PT10M,Quantitative,avg,PQ,,,False,creation_failed,"Status 400: {""StatusCode"":400,""Message"":""Profile already exists!""}",,,,,,
computed_PT10M_Quantitative_PQ_sum,,PT10M,Quantitative,sum,PQ,,,False,creation_failed,"Status 400: {""StatusCode"":400,""Message"":""Profile already exists!""}",,,,,,
computed_PT10M_Quantitative_PM_max_pila,,PT10M,Quantitative,max,PM,,,False,creation_failed,"Status 400: {""StatusCode"":400,""Message"":""Profile already exists!""}",,,,,,
computed_PT10M_Quantitative_PQ_avg_pila,,PT10M,Quantitative,avg,PQ,,,False,creation_failed,"Status 400: {""StatusCode"":400,""Message"":""Profile already exists!""}",,,,,,
computed_PT10M_Quantitative_PM_avg_pila,,PT10M,Quantitative,avg,PM,,,False,creation_failed,"Status 400: {""StatusCode"":400,""Message"":""Profile already exists!""}",,,,,,
computed_PT10M_Quantitative_PQ_max_pila,,PT10M,Quantitative,max,PQ,,,False,creation_failed,"Status 400: {""StatusCode"":400,""Message"":""Profile already exists!""}",,,,,,
computed_PT10M_Quantitative_PM_min_pila,,PT10M,Quantitative,min,PM,,,False,creation_failed,"Status 400: {""StatusCode"":400,""Message"":""Profile already exists!""}",,,,,,
computed_PT10M_Quantitative_PQ_min,,PT10M,Quantitative,min,PQ,,,False,creation_failed,"Status 400: {""StatusCode"":400,""Message"":""Profile already exists!""}",,,,,,
computed_PT10M_Quantitative_PE_max_pila,,PT10M,Quantitative,max,PE,,,False,creation_failed,"Status 400: {""StatusCode"":400,""Message"":""Profile already exists!""}",,,,,,
computed_PT10M_Quantitative_PQ_min_pila,,PT10M,Quantitative,min,PQ,,,False,creation_failed,"Status 400: {""StatusCode"":400,""Message"":""Profile already exists!""}",,,,,,
computed_PT10M_Quantitative_PY_sum,,PT10M,Quantitative,sum,PY,,,False,creation_failed,"Status 400: {""StatusCode"":400,""Message"":""Profile already exists!""}",,,,,,
computed_PT10M_Quantitative_PQ_max,,PT10M,Quantitative,max,PQ,,,False,creation_failed,"Status 400: {""StatusCode"":400,""Message"":""Profile already exists!""}",,,,,,
computed_PT10M_Quantitative_PY_min_pila,,PT10M,Quantitative,min,PY,,,False,creation_failed,"Status 400: {""StatusCode"":400,""Message"":""Profile already exists!""}",,,,,,
computed_PT10M_Quantitative_PY_avg,,PT10M,Quantitative,avg,PY,,,False,creation_failed,"Status 400: {""StatusCode"":400,""Message"":""Profile already exists!""}",,,,,,
computed_PT10M_Quantitative_PY_avg_pila,,PT10M,Quantitative,avg,PY,,,False,creation_failed,"Status 400: {""StatusCode"":400,""Message"":""Profile already exists!""}",,,,,,
computed_PT10M_Continuous_H_min_pila,,PT10M,Continuous,min,H,,,False,creation_failed,"Status 400: {""StatusCode"":400,""Message"":""Profile already exists!""}",,,,,,
computed_PT10M_Quantitative_PY_max_pila,,PT10M,Quantitative,max,PY,,,False,creation_failed,"Status 400: {""StatusCode"":400,""Message"":""Profile already exists!""}",,,,,,
computed_PT10M_Quantitative_PY_max,,PT10M,Quantitative,max,PY,,,False,creation_failed,"Status 400: {""StatusCode"":400,""Message"":""Profile already exists!""}",,,,,,
computed_PT10M_Continuous_H_avg_pila,,PT10M,Continuous,avg,H,,,False,creation_failed,"Status 400: {""StatusCode"":400,""Message"":""Profile already exists!""}",,,,,,
computed_PT10M_Quantitative_PY_min,,PT10M,Quantitative,min,PY,,,False,creation_failed,"Status 400: {""StatusCode"":400,""Message"":""Profile already exists!""}",,,,,,
computed_PT10M_Continuous_H_max,,PT10M,Continuous,max,H,,,False,creation_failed,"Status 400: {""StatusCode"":400,""Message"":""Profile already exists!""}",,,,,,
computed_PT10M_Continuous_H_avg,,PT10M,Continuous,avg,H,,,False,creation_failed,"Status 400: {""StatusCode"":400,""Message"":""Profile already exists!""}",,,,,,
computed_PT10M_Continuous_H_sum,,PT10M,Continuous,sum,H,,,False,creation_failed,"Status 400: {""StatusCode"":400,""Message"":""Profile already exists!""}",,,,,,
computed_PT10M_Continuous_H_min,,PT10M,Continuous,min,H,,,False,creation_failed,"Status 400: {""StatusCode"":400,""Message"":""Profile already exists!""}",,,,,,
computed_PT10M_Continuous_PD_max_pila,,PT10M,Continuous,max,PD,,,False,creation_failed,"Status 400: {""StatusCode"":400,""Message"":""Profile already exists!""}",,,,,,
computed_PT10M_Continuous_PD_min,,PT10M,Continuous,min,PD,,,False,creation_failed,"Status 400: {""StatusCode"":400,""Message"":""Profile already exists!""}",,,,,,
computed_PT10M_Continuous_H_max_pila,,PT10M,Continuous,max,H,,,False,creation_failed,"Status 400: {""StatusCode"":400,""Message"":""Profile already exists!""}",,,,,,
computed_PT10M_Continuous_PD_avg_pila,,PT10M,Continuous,avg,PD,,,False,creation_failed,"Status 400: {""StatusCode"":400,""Message"":""Profile already exists!""}",,,,,,
computed_PT10M_Continuous_PD_min_pila,,PT10M,Continuous,min,PD,,,False,creation_failed,"Status 400: {""StatusCode"":400,""Message"":""Profile already exists!""}",,,,,,
computed_PT10M_Continuous_PW_sum,,PT10M,Continuous,sum,PW,,,False,creation_failed,"Status 400: {""StatusCode"":400,""Message"":""Profile already exists!""}",,,,,,
computed_PT10M_Continuous_PD_avg,,PT10M,Continuous,avg,PD,,,False,creation_failed,"Status 400: {""StatusCode"":400,""Message"":""Profile already exists!""}",,,,,,
computed_PT10M_Continuous_PD_sum,,PT10M,Continuous,sum,PD,,,False,creation_failed,"Status 400: {""StatusCode"":400,""Message"":""Profile already exists!""}",,,,,,
computed_PT10M_Continuous_PD_max,,PT10M,Continuous,max,PD,,,False,creation_failed,"Status 400: {""StatusCode"":400,""Message"":""Profile already exists!""}",,,,,,
computed_PT10M_Continuous_PW_min,,PT10M,Continuous,min,PW,,,False,creation_failed,"Status 400: {""StatusCode"":400,""Message"":""Profile already exists!""}",,,,,,
computed_PT10M_Continuous_PW_min_pila,,PT10M,Continuous,min,PW,,,False,creation_failed,"Status 400: {""StatusCode"":400,""Message"":""Profile already exists!""}",,,,,,
computed_PT10M_Continuous_PW_max_pila,,PT10M,Continuous,max,PW,,,False,creation_failed,"Status 400: {""StatusCode"":400,""Message"":""Profile already exists!""}",,,,,,
computed_PT10M_Continuous_PW_avg,,PT10M,Continuous,avg,PW,,,False,creation_failed,"Status 400: {""StatusCode"":400,""Message"":""Profile already exists!""}",,,,,,
computed_PT10M_Continuous_PW_avg_pila,,PT10M,Continuous,avg,PW,,,False,creation_failed,"Status 400: {""StatusCode"":400,""Message"":""Profile already exists!""}",,,,,,
computed_PT10M_Continuous_PE_avg,,PT10M,Continuous,avg,PE,,,False,creation_failed,"Status 400: {""StatusCode"":400,""Message"":""Profile already exists!""}",,,,,,
computed_PT10M_Continuous_PE_max,,PT10M,Continuous,max,PE,,,False,creation_failed,"Status 400: {""StatusCode"":400,""Message"":""Profile already exists!""}",,,,,,
computed_PT10M_Continuous_PE_avg_pila,,PT10M,Continuous,avg,PE,,,False,creation_failed,"Status 400: {""StatusCode"":400,""Message"":""Profile already exists!""}",,,,,,
computed_PT10M_Continuous_PW_max,,PT10M,Continuous,max,PW,,,False,creation_failed,"Status 400: {""StatusCode"":400,""Message"":""Profile already exists!""}",,,,,,
computed_PT10M_Continuous_PE_max_pila,,PT10M,Continuous,max,PE,,,False,creation_failed,"Status 400: {""StatusCode"":400,""Message"":""Profile already exists!""}",,,,,,
computed_PT10M_Continuous_PM_sum,,PT10M,Continuous,sum,PM,,,False,creation_failed,"Status 400: {""StatusCode"":400,""Message"":""Profile already exists!""}",,,,,,
computed_PT10M_Continuous_PE_sum,,PT10M,Continuous,sum,PE,,,False,creation_failed,"Status 400: {""StatusCode"":400,""Message"":""Profile already exists!""}",,,,,,
computed_PT10M_Continuous_PE_min,,PT10M,Continuous,min,PE,,,False,creation_failed,"Status 400: {""StatusCode"":400,""Message"":""Profile already exists!""}",,,,,,
computed_PT10M_Continuous_PM_min_pila,,PT10M,Continuous,min,PM,,,False,creation_failed,"Status 400: {""StatusCode"":400,""Message"":""Profile already exists!""}",,,,,,
computed_PT10M_Continuous_PE_min_pila,,PT10M,Continuous,min,PE,,,False,creation_failed,"Status 400: {""StatusCode"":400,""Message"":""Profile already exists!""}",,,,,,
computed_PT10M_Continuous_PM_avg,,PT10M,Continuous,avg,PM,,,False,creation_failed,"Status 400: {""StatusCode"":400,""Message"":""Profile already exists!""}",,,,,,
computed_PT10M_Continuous_PQ_sum,,PT10M,Continuous,sum,PQ,,,False,creation_failed,"Status 400: {""StatusCode"":400,""Message"":""Profile already exists!""}",,,,,,
computed_PT10M_Continuous_PM_max,,PT10M,Continuous,max,PM,,,False,creation_failed,"Status 400: {""StatusCode"":400,""Message"":""Profile already exists!""}",,,,,,
computed_PT10M_Continuous_PQ_min_pila,,PT10M,Continuous,min,PQ,,,False,creation_failed,"Status 400: {""StatusCode"":400,""Message"":""Profile already exists!""}",,,,,,
computed_PT10M_Continuous_PQ_min,,PT10M,Continuous,min,PQ,,,False,creation_failed,"Status 400: {""StatusCode"":400,""Message"":""Profile already exists!""}",,,,,,
computed_PT10M_Continuous_PM_avg_pila,,PT10M,Continuous,avg,PM,,,False,creation_failed,"Status 400: {""StatusCode"":400,""Message"":""Profile already exists!""}",,,,,,
computed_PT10M_Continuous_PM_max_pila,,PT10M,Continuous,max,PM,,,False,creation_failed,"Status 400: {""StatusCode"":400,""Message"":""Profile already exists!""}",,,,,,
computed_PT10M_Continuous_PM_min,,PT10M,Continuous,min,PM,,,False,creation_failed,"Status 400: {""StatusCode"":400,""Message"":""Profile already exists!""}",,,,,,
computed_PT10M_Continuous_PQ_avg_pila,,PT10M,Continuous,avg,PQ,,,False,creation_failed,"Status 400: {""StatusCode"":400,""Message"":""Profile already exists!""}",,,,,,
computed_PT10M_Continuous_PQ_avg,,PT10M,Continuous,avg,PQ,,,False,creation_failed,"Status 400: {""StatusCode"":400,""Message"":""Profile already exists!""}",,,,,,
computed_PT10M_Continuous_PY_min,,PT10M,Continuous,min,PY,,,False,creation_failed,"Status 400: {""StatusCode"":400,""Message"":""Profile already exists!""}",,,,,,
computed_PT10M_Continuous_PQ_max_pila,,PT10M,Continuous,max,PQ,,,False,creation_failed,"Status 400: {""StatusCode"":400,""Message"":""Profile already exists!""}",,,,,,
computed_PT10M_Continuous_PY_avg,,PT10M,Continuous,avg,PY,,,False,creation_failed,"Status 400: {""StatusCode"":400,""Message"":""Profile already exists!""}",,,,,,
computed_PT10M_Continuous_PY_avg_pila,,PT10M,Continuous,avg,PY,,,False,creation_failed,"Status 400: {""StatusCode"":400,""Message"":""Profile already exists!""}",,,,,,
computed_PT10M_Continuous_PQ_max,,PT10M,Continuous,max,PQ,,,False,creation_failed,"Status 400: {""StatusCode"":400,""Message"":""Profile already exists!""}",,,,,,
computed_PT3M_Quantitative_H_sum,,PT3M,Quantitative,sum,H,,,False,creation_failed,"Status 400: {""StatusCode"":400,""Message"":""Profile already exists!""}",,,,,,
computed_PT3M_Quantitative_H_avg,,PT3M,Quantitative,avg,H,,,False,creation_failed,"Status 400: {""StatusCode"":400,""Message"":""Profile already exists!""}",,,,,,
computed_PT10M_Continuous_PY_max,,PT10M,Continuous,max,PY,,,False,creation_failed,"Status 400: {""StatusCode"":400,""Message"":""Profile already exists!""}",,,,,,
computed_PT3M_Quantitative_H_max,,PT3M,Quantitative,max,H,,,False,creation_failed,"Status 400: {""StatusCode"":400,""Message"":""Profile already exists!""}",,,,,,
computed_PT3M_Quantitative_H_min,,PT3M,Quantitative,min,H,,,False,creation_failed,"Status 400: {""StatusCode"":400,""Message"":""Profile already exists!""}",,,,,,
computed_PT3M_Quantitative_PD_avg,,PT3M,Quantitative,avg,PD,,,False,creation_failed,"Status 400: {""StatusCode"":400,""Message"":""Profile already exists!""}",,,,,,
computed_PT10M_Continuous_PY_max_pila,,PT10M,Continuous,max,PY,,,False,creation_failed,"Status 400: {""StatusCode"":400,""Message"":""Profile already exists!""}",,,,,,
computed_PT3M_Quantitative_H_max_pila,,PT3M,Quantitative,max,H,,,False,creation_failed,"Status 400: {""StatusCode"":400,""Message"":""Profile already exists!""}",,,,,,
computed_PT10M_Continuous_PY_sum,,PT10M,Continuous,sum,PY,,,False,creation_failed,"Status 400: {""StatusCode"":400,""Message"":""Profile already exists!""}",,,,,,
computed_PT10M_Continuous_PY_min_pila,,PT10M,Continuous,min,PY,,,False,creation_failed,"Status 400: {""StatusCode"":400,""Message"":""Profile already exists!""}",,,,,,
computed_PT3M_Quantitative_H_min_pila,,PT3M,Quantitative,min,H,,,False,creation_failed,"Status 400: {""StatusCode"":400,""Message"":""Profile already exists!""}",,,,,,
computed_PT3M_Quantitative_PD_avg_pila,,PT3M,Quantitative,avg,PD,,,False,creation_failed,"Status 400: {""StatusCode"":400,""Message"":""Profile already exists!""}",,,,,,
computed_PT3M_Quantitative_H_avg_pila,,PT3M,Quantitative,avg,H,,,False,creation_failed,"Status 400: {""StatusCode"":400,""Message"":""Profile already exists!""}",,,,,,
computed_PT3M_Quantitative_PD_min,,PT3M,Quantitative,min,PD,,,False,creation_failed,"Status 400: {""StatusCode"":400,""Message"":""Profile already exists!""}",,,,,,
computed_PT3M_Quantitative_PW_sum,,PT3M,Quantitative,sum,PW,,,False,creation_failed,"Status 400: {""StatusCode"":400,""Message"":""Profile already exists!""}",,,,,,
computed_PT3M_Quantitative_PW_avg_pila,,PT3M,Quantitative,avg,PW,,,False,creation_failed,"Status 400: {""StatusCode"":400,""Message"":""Profile already exists!""}",,,,,,
computed_PT3M_Quantitative_PW_min_pila,,PT3M,Quantitative,min,PW,,,False,creation_failed,"Status 400: {""StatusCode"":400,""Message"":""Profile already exists!""}",,,,,,
computed_PT3M_Quantitative_PD_sum,,PT3M,Quantitative,sum,PD,,,False,creation_failed,"Status 400: {""StatusCode"":400,""Message"":""Profile already exists!""}",,,,,,
computed_PT3M_Quantitative_PD_max_pila,,PT3M,Quantitative,max,PD,,,False,creation_failed,"Status 400: {""StatusCode"":400,""Message"":""Profile already exists!""}",,,,,,
computed_PT3M_Quantitative_PW_min,,PT3M,Quantitative,min,PW,,,False,creation_failed,"Status 400: {""StatusCode"":400,""Message"":""Profile already exists!""}",,,,,,
computed_PT3M_Quantitative_PD_max,,PT3M,Quantitative,max,PD,,,False,creation_failed,"Status 400: {""StatusCode"":400,""Message"":""Profile already exists!""}",,,,,,
computed_PT3M_Quantitative_PW_avg,,PT3M,Quantitative,avg,PW,,,False,creation_failed,"Status 400: {""StatusCode"":400,""Message"":""Profile already exists!""}",,,,,,
computed_PT3M_Quantitative_PE_sum,,PT3M,Quantitative,sum,PE,,,False,creation_failed,"Status 400: {""StatusCode"":400,""Message"":""Profile already exists!""}",,,,,,
computed_PT3M_Quantitative_PD_min_pila,,PT3M,Quantitative,min,PD,,,False,creation_failed,"Status 400: {""StatusCode"":400,""Message"":""Profile already exists!""}",,,,,,
computed_PT3M_Quantitative_PW_max_pila,,PT3M,Quantitative,max,PW,,,False,creation_failed,"Status 400: {""StatusCode"":400,""Message"":""Profile already exists!""}",,,,,,
computed_PT3M_Quantitative_PW_max,,PT3M,Quantitative,max,PW,,,False,creation_failed,"Status 400: {""StatusCode"":400,""Message"":""Profile already exists!""}",,,,,,
computed_PT3M_Quantitative_PM_sum,,PT3M,Quantitative,sum,PM,,,False,creation_failed,"Status 400: {""StatusCode"":400,""Message"":""Profile already exists!""}",,,,,,
computed_PT3M_Quantitative_PE_min,,PT3M,Quantitative,min,PE,,,False,creation_failed,"Status 400: {""StatusCode"":400,""Message"":""Profile already exists!""}",,,,,,
computed_PT3M_Quantitative_PE_max_pila,,PT3M,Quantitative,max,PE,,,False,creation_failed,"Status 400: {""StatusCode"":400,""Message"":""Profile already exists!""}",,,,,,
computed_PT3M_Quantitative_PE_avg,,PT3M,Quantitative,avg,PE,,,False,creation_failed,"Status 400: {""StatusCode"":400,""Message"":""Profile already exists!""}",,,,,,
computed_PT3M_Quantitative_PM_avg,,PT3M,Quantitative,avg,PM,,,False,creation_failed,"Status 400: {""StatusCode"":400,""Message"":""Profile already exists!""}",,,,,,
computed_PT3M_Quantitative_PM_min_pila,,PT3M,Quantitative,min,PM,,,False,creation_failed,"Status 400: {""StatusCode"":400,""Message"":""Profile already exists!""}",,,,,,
computed_PT3M_Quantitative_PE_min_pila,,PT3M,Quantitative,min,PE,,,False,creation_failed,"Status 400: {""StatusCode"":400,""Message"":""Profile already exists!""}",,,,,,
computed_PT3M_Quantitative_PE_avg_pila,,PT3M,Quantitative,avg,PE,,,False,creation_failed,"Status 400: {""StatusCode"":400,""Message"":""Profile already exists!""}",,,,,,
computed_PT3M_Quantitative_PM_avg_pila,,PT3M,Quantitative,avg,PM,,,False,creation_failed,"Status 400: {""StatusCode"":400,""Message"":""Profile already exists!""}",,,,,,
computed_PT3M_Quantitative_PM_max,,PT3M,Quantitative,max,PM,,,False,creation_failed,"Status 400: {""StatusCode"":400,""Message"":""Profile already exists!""}",,,,,,
computed_PT3M_Quantitative_PQ_avg_pila,,PT3M,Quantitative,avg,PQ,,,False,creation_failed,"Status 400: {""StatusCode"":400,""Message"":""Profile already exists!""}",,,,,,
computed_PT3M_Quantitative_PE_max,,PT3M,Quantitative,max,PE,,,False,creation_failed,"Status 400: {""StatusCode"":400,""Message"":""Profile already exists!""}",,,,,,
computed_PT3M_Quantitative_PQ_min,,PT3M,Quantitative,min,PQ,,,False,creation_failed,"Status 400: {""StatusCode"":400,""Message"":""Profile already exists!""}",,,,,,
computed_PT3M_Quantitative_PM_min,,PT3M,Quantitative,min,PM,,,False,creation_failed,"Status 400: {""StatusCode"":400,""Message"":""Profile already exists!""}",,,,,,
computed_PT3M_Quantitative_PQ_min_pila,,PT3M,Quantitative,min,PQ,,,False,creation_failed,"Status 400: {""StatusCode"":400,""Message"":""Profile already exists!""}",,,,,,
computed_PT3M_Quantitative_PQ_max,,PT3M,Quantitative,max,PQ,,,False,creation_failed,"Status 400: {""StatusCode"":400,""Message"":""Profile already exists!""}",,,,,,
computed_PT3M_Quantitative_PQ_sum,,PT3M,Quantitative,sum,PQ,,,False,creation_failed,"Status 400: {""StatusCode"":400,""Message"":""Profile already exists!""}",,,,,,
computed_PT3M_Quantitative_PM_max_pila,,PT3M,Quantitative,max,PM,,,False,creation_failed,"Status 400: {""StatusCode"":400,""Message"":""Profile already exists!""}",,,,,,
computed_PT3M_Quantitative_PY_avg,,PT3M,Quantitative,avg,PY,,,False,creation_failed,"Status 400: {""StatusCode"":400,""Message"":""Profile already exists!""}",,,,,,
computed_PT3M_Quantitative_PQ_max_pila,,PT3M,Quantitative,max,PQ,,,False,creation_failed,"Status 400: {""StatusCode"":400,""Message"":""Profile already exists!""}",,,,,,
computed_PT3M_Quantitative_PY_min_pila,,PT3M,Quantitative,min,PY,,,False,creation_failed,"Status 400: {""StatusCode"":400,""Message"":""Profile already exists!""}",,,,,,
computed_PT3M_Quantitative_PY_max_pila,,PT3M,Quantitative,max,PY,,,False,creation_failed,"Status 400: {""StatusCode"":400,""Message"":""Profile already exists!""}",,,,,,
computed_PT3M_Quantitative_PY_sum,,PT3M,Quantitative,sum,PY,,,False,creation_failed,"Status 400: {""StatusCode"":400,""Message"":""Profile already exists!""}",,,,,,
computed_PT3M_Quantitative_PY_max,,PT3M,Quantitative,max,PY,,,False,creation_failed,"Status 400: {""StatusCode"":400,""Message"":""Profile already exists!""}",,,,,,
computed_PT3M_Quantitative_PY_avg_pila,,PT3M,Quantitative,avg,PY,,,False,creation_failed,"Status 400: {""StatusCode"":400,""Message"":""Profile already exists!""}",,,,,,
computed_PT3M_Continuous_H_sum,,PT3M,Continuous,sum,H,,,False,creation_failed,"Status 400: {""StatusCode"":400,""Message"":""Profile already exists!""}",,,,,,
computed_PT3M_Continuous_H_avg,,PT3M,Continuous,avg,H,,,False,creation_failed,"Status 400: {""StatusCode"":400,""Message"":""Profile already exists!""}",,,,,,
computed_PT3M_Quantitative_PY_min,,PT3M,Quantitative,min,PY,,,False,creation_failed,"Status 400: {""StatusCode"":400,""Message"":""Profile already exists!""}",,,,,,
computed_PT3M_Continuous_H_max_pila,,PT3M,Continuous,max,H,,,False,creation_failed,"Status 400: {""StatusCode"":400,""Message"":""Profile already exists!""}",,,,,,
computed_PT3M_Continuous_PD_avg,,PT3M,Continuous,avg,PD,,,False,creation_failed,"Status 400: {""StatusCode"":400,""Message"":""Profile already exists!""}",,,,,,
computed_PT3M_Continuous_PD_sum,,PT3M,Continuous,sum,PD,,,False,creation_failed,"Status 400: {""StatusCode"":400,""Message"":""Profile already exists!""}",,,,,,
computed_PT3M_Continuous_H_avg_pila,,PT3M,Continuous,avg,H,,,False,creation_failed,"Status 400: {""StatusCode"":400,""Message"":""Profile already exists!""}",,,,,,
computed_PT3M_Continuous_PD_avg_pila,,PT3M,Continuous,avg,PD,,,False,creation_failed,"Status 400: {""StatusCode"":400,""Message"":""Profile already exists!""}",,,,,,
computed_PT3M_Continuous_H_min,,PT3M,Continuous,min,H,,,False,creation_failed,"Status 400: {""StatusCode"":400,""Message"":""Profile already exists!""}",,,,,,
computed_PT3M_Continuous_H_min_pila,,PT3M,Continuous,min,H,,,False,creation_failed,"Status 400: {""StatusCode"":400,""Message"":""Profile already exists!""}",,,,,,
computed_PT3M_Continuous_PD_min_pila,,PT3M,Continuous,min,PD,,,False,creation_failed,"Status 400: {""StatusCode"":400,""Message"":""Profile already exists!""}",,,,,,
computed_PT3M_Continuous_H_max,,PT3M,Continuous,max,H,,,False,creation_failed,"Status 400: {""StatusCode"":400,""Message"":""Profile already exists!""}",,,,,,
computed_PT3M_Continuous_PD_max,,PT3M,Continuous,max,PD,,,False,creation_failed,"Status 400: {""StatusCode"":400,""Message"":""Profile already exists!""}",,,,,,
computed_PT3M_Quantitative_PQ_avg,,PT3M,Quantitative,avg,PQ,,,False,creation_failed,"Status 400: {""StatusCode"":400,""Message"":""Profile already exists!""}",,,,,,
computed_PT3M_Continuous_PW_avg,,PT3M,Continuous,avg,PW,,,False,creation_failed,"Status 400: {""StatusCode"":400,""Message"":""Profile already exists!""}",,,,,,
computed_PT3M_Continuous_PD_max_pila,,PT3M,Continuous,max,PD,,,False,creation_failed,"Status 400: {""StatusCode"":400,""Message"":""Profile already exists!""}",,,,,,
computed_PT3M_Continuous_PW_avg_pila,,PT3M,Continuous,avg,PW,,,False,creation_failed,"Status 400: {""StatusCode"":400,""Message"":""Profile already exists!""}",,,,,,
computed_PT3M_Continuous_PE_sum,,PT3M,Continuous,sum,PE,,,False,creation_failed,"Status 400: {""StatusCode"":400,""Message"":""Profile already exists!""}",,,,,,
computed_PT3M_Continuous_PW_sum,,PT3M,Continuous,sum,PW,,,False,creation_failed,"Status 400: {""StatusCode"":400,""Message"":""Profile already exists!""}",,,,,,
computed_PT3M_Continuous_PD_min,,PT3M,Continuous,min,PD,,,False,creation_failed,"Status 400: {""StatusCode"":400,""Message"":""Profile already exists!""}",,,,,,
computed_PT3M_Continuous_PW_max,,PT3M,Continuous,max,PW,,,False,creation_failed,"Status 400: {""StatusCode"":400,""Message"":""Profile already exists!""}",,,,,,
computed_PT3M_Continuous_PW_min,,PT3M,Continuous,min,PW,,,False,creation_failed,"Status 400: {""StatusCode"":400,""Message"":""Profile already exists!""}",,,,,,
computed_PT3M_Continuous_PE_avg_pila,,PT3M,Continuous,avg,PE,,,False,creation_failed,"Status 400: {""StatusCode"":400,""Message"":""Profile already exists!""}",,,,,,
computed_PT3M_Continuous_PW_min_pila,,PT3M,Continuous,min,PW,,,False,creation_failed,"Status 400: {""StatusCode"":400,""Message"":""Profile already exists!""}",,,,,,
computed_PT3M_Continuous_PW_max_pila,,PT3M,Continuous,max,PW,,,False,creation_failed,"Status 400: {""StatusCode"":400,""Message"":""Profile already exists!""}",,,,,,
computed_PT3M_Continuous_PM_avg,,PT3M,Continuous,avg,PM,,,False,creation_failed,"Status 400: {""StatusCode"":400,""Message"":""Profile already exists!""}",,,,,,
computed_PT3M_Continuous_PM_avg_pila,,PT3M,Continuous,avg,PM,,,False,creation_failed,"Status 400: {""StatusCode"":400,""Message"":""Profile already exists!""}",,,,,,
computed_PT3M_Continuous_PE_max,,PT3M,Continuous,max,PE,,,False,creation_failed,"Status 400: {""StatusCode"":400,""Message"":""Profile already exists!""}",,,,,,
computed_PT3M_Continuous_PE_max_pila,,PT3M,Continuous,max,PE,,,False,creation_failed,"Status 400: {""StatusCode"":400,""Message"":""Profile already exists!""}",,,,,,
computed_PT3M_Continuous_PE_min,,PT3M,Continuous,min,PE,,,False,creation_failed,"Status 400: {""StatusCode"":400,""Message"":""Profile already exists!""}",,,,,,
computed_PT3M_Continuous_PE_min_pila,,PT3M,Continuous,min,PE,,,False,creation_failed,"Status 400: {""StatusCode"":400,""Message"":""Profile already exists!""}",,,,,,
computed_PT3M_Continuous_PM_min,,PT3M,Continuous,min,PM,,,False,creation_failed,"Status 400: {""StatusCode"":400,""Message"":""Profile already exists!""}",,,,,,
computed_PT3M_Continuous_PE_avg,,PT3M,Continuous,avg,PE,,,False,creation_failed,"Status 400: {""StatusCode"":400,""Message"":""Profile already exists!""}",,,,,,
computed_PT3M_Continuous_PM_min_pila,,PT3M,Continuous,min,PM,,,False,creation_failed,"Status 400: {""StatusCode"":400,""Message"":""Profile already exists!""}",,,,,,
computed_PT3M_Continuous_PM_max,,PT3M,Continuous,max,PM,,,False,creation_failed,"Status 400: {""StatusCode"":400,""Message"":""Profile already exists!""}",,,,,,
computed_PT3M_Continuous_PM_sum,,PT3M,Continuous,sum,PM,,,False,creation_failed,"Status 400: {""StatusCode"":400,""Message"":""Profile already exists!""}",,,,,,
computed_PT3M_Continuous_PM_max_pila,,PT3M,Continuous,max,PM,,,False,creation_failed,"Status 400: {""StatusCode"":400,""Message"":""Profile already exists!""}",,,,,,
computed_PT3M_Continuous_PQ_min,,PT3M,Continuous,min,PQ,,,False,creation_failed,"Status 400: {""StatusCode"":400,""Message"":""Profile already exists!""}",,,,,,
computed_PT3M_Continuous_PQ_min_pila,,PT3M,Continuous,min,PQ,,,False,creation_failed,"Status 400: {""StatusCode"":400,""Message"":""Profile already exists!""}",,,,,,
computed_PT3M_Continuous_PQ_sum,,PT3M,Continuous,sum,PQ,,,False,creation_failed,"Status 400: {""StatusCode"":400,""Message"":""Profile already exists!""}",,,,,,
computed_PT3M_Continuous_PQ_avg_pila,,PT3M,Continuous,avg,PQ,,,False,creation_failed,"Status 400: {""StatusCode"":400,""Message"":""Profile already exists!""}",,,,,,
computed_PT3M_Continuous_PQ_max,,PT3M,Continuous,max,PQ,,,False,creation_failed,"Status 400: {""StatusCode"":400,""Message"":""Profile already exists!""}",,,,,,
computed_PT3M_Continuous_PY_avg,,PT3M,Continuous,avg,PY,,,False,creation_failed,"Status 400: {""StatusCode"":400,""Message"":""Profile already exists!""}",,,,,,
computed_PT3M_Continuous_PQ_max_pila,,PT3M,Continuous,max,PQ,,,False,creation_failed,"Status 400: {""StatusCode"":400,""Message"":""Profile already exists!""}",,,,,,
computed_PT3M_Continuous_PY_sum,,PT3M,Continuous,sum,PY,,,False,creation_failed,"Status 400: {""StatusCode"":400,""Message"":""Profile already exists!""}",,,,,,
computed_PT3M_Continuous_PY_min,,PT3M,Continuous,min,PY,,,False,creation_failed,"Status 400: {""StatusCode"":400,""Message"":""Profile already exists!""}",,,,,,
computed_PT3M_Continuous_PY_min_pila,,PT3M,Continuous,min,PY,,,False,creation_failed,"Status 400: {""StatusCode"":400,""Message"":""Profile already exists!""}",,,,,,
computed_PT3M_Continuous_PQ_avg,,PT3M,Continuous,avg,PQ,,,False,creation_failed,"Status 400: {""StatusCode"":400,""Message"":""Profile already exists!""}",,,,,,
computed_PT1S_Quantitative_H_sum,,PT1S,Quantitative,sum,H,,,False,creation_failed,"Status 400: {""StatusCode"":400,""Message"":""Profile already exists!""}",,,,,,
computed_PT1S_Quantitative_H_min,,PT1S,Quantitative,min,H,,,False,creation_failed,"Status 400: {""StatusCode"":400,""Message"":""Profile already exists!""}",,,,,,
computed_PT3M_Continuous_PY_max_pila,,PT3M,Continuous,max,PY,,,False,creation_failed,"Status 400: {""StatusCode"":400,""Message"":""Profile already exists!""}",,,,,,
computed_PT1S_Quantitative_H_avg_pila,,PT1S,Quantitative,avg,H,,,False,creation_failed,"Status 400: {""StatusCode"":400,""Message"":""Profile already exists!""}",,,,,,
computed_PT3M_Continuous_PY_max,,PT3M,Continuous,max,PY,,,False,creation_failed,"Status 400: {""StatusCode"":400,""Message"":""Profile already exists!""}",,,,,,
computed_PT3M_Continuous_PY_avg_pila,,PT3M,Continuous,avg,PY,,,False,creation_failed,"Status 400: {""StatusCode"":400,""Message"":""Profile already exists!""}",,,,,,
computed_PT1S_Quantitative_PD_avg,,PT1S,Quantitative,avg,PD,,,False,creation_failed,"Status 400: {""StatusCode"":400,""Message"":""Profile already exists!""}",,,,,,
computed_PT1S_Quantitative_H_avg,,PT1S,Quantitative,avg,H,,,False,creation_failed,"Status 400: {""StatusCode"":400,""Message"":""Profile already exists!""}",,,,,,
computed_PT1S_Quantitative_PD_sum,,PT1S,Quantitative,sum,PD,,,False,creation_failed,"Status 400: {""StatusCode"":400,""Message"":""Profile already exists!""}",,,,,,
computed_PT1S_Quantitative_H_max,,PT1S,Quantitative,max,H,,,False,creation_failed,"Status 400: {""StatusCode"":400,""Message"":""Profile already exists!""}",,,,,,
computed_PT1S_Quantitative_H_min_pila,,PT1S,Quantitative,min,H,,,False,creation_failed,"Status 400: {""StatusCode"":400,""Message"":""Profile already exists!""}",,,,,,
computed_PT1S_Quantitative_PD_min,,PT1S,Quantitative,min,PD,,,False,creation_failed,"Status 400: {""StatusCode"":400,""Message"":""Profile already exists!""}",,,,,,
computed_PT1S_Quantitative_PD_max,,PT1S,Quantitative,max,PD,,,False,creation_failed,"Status 400: {""StatusCode"":400,""Message"":""Profile already exists!""}",,,,,,
computed_PT1S_Quantitative_PW_sum,,PT1S,Quantitative,sum,PW,,,False,creation_failed,"Status 400: {""StatusCode"":400,""Message"":""Profile already exists!""}",,,,,,
computed_PT1S_Quantitative_H_max_pila,,PT1S,Quantitative,max,H,,,False,creation_failed,"Status 400: {""StatusCode"":400,""Message"":""Profile already exists!""}",,,,,,
computed_PT1S_Quantitative_PD_min_pila,,PT1S,Quantitative,min,PD,,,False,creation_failed,"Status 400: {""StatusCode"":400,""Message"":""Profile already exists!""}",,,,,,
computed_PT1S_Quantitative_PW_min,,PT1S,Quantitative,min,PW,,,False,creation_failed,"Status 400: {""StatusCode"":400,""Message"":""Profile already exists!""}",,,,,,
computed_PT1S_Quantitative_PW_min_pila,,PT1S,Quantitative,min,PW,,,False,creation_failed,"Status 400: {""StatusCode"":400,""Message"":""Profile already exists!""}",,,,,,
computed_PT1S_Quantitative_PD_avg_pila,,PT1S,Quantitative,avg,PD,,,False,creation_failed,"Status 400: {""StatusCode"":400,""Message"":""Profile already exists!""}",,,,,,
computed_PT1S_Quantitative_PW_avg,,PT1S,Quantitative,avg,PW,,,False,creation_failed,"Status 400: {""StatusCode"":400,""Message"":""Profile already exists!""}",,,,,,
computed_PT1S_Quantitative_PE_sum,,PT1S,Quantitative,sum,PE,,,False,creation_failed,"Status 400: {""StatusCode"":400,""Message"":""Profile already exists!""}",,,,,,
computed_PT1S_Quantitative_PW_max,,PT1S,Quantitative,max,PW,,,False,creation_failed,"Status 400: {""StatusCode"":400,""Message"":""Profile already exists!""}",,,,,,
computed_PT1S_Quantitative_PW_avg_pila,,PT1S,Quantitative,avg,PW,,,False,creation_failed,"Status 400: {""StatusCode"":400,""Message"":""Profile already exists!""}",,,,,,
computed_PT1S_Quantitative_PE_max,,PT1S,Quantitative,max,PE,,,False,creation_failed,"Status 400: {""StatusCode"":400,""Message"":""Profile already exists!""}",,,,,,
computed_PT1S_Quantitative_PD_max_pila,,PT1S,Quantitative,max,PD,,,False,creation_failed,"Status 400: {""StatusCode"":400,""Message"":""Profile already exists!""}",,,,,,
computed_PT1S_Quantitative_PE_avg_pila,,PT1S,Quantitative,avg,PE,,,False,creation_failed,"Status 400: {""StatusCode"":400,""Message"":""Profile already exists!""}",,,,,,
computed_PT1S_Quantitative_PE_min,,PT1S,Quantitative,min,PE,,,False,creation_failed,"Status 400: {""StatusCode"":400,""Message"":""Profile already exists!""}",,,,,,
computed_PT1S_Quantitative_PE_min_pila,,PT1S,Quantitative,min,PE,,,False,creation_failed,"Status 400: {""StatusCode"":400,""Message"":""Profile already exists!""}",,,,,,
computed_PT1S_Quantitative_PM_sum,,PT1S,Quantitative,sum,PM,,,False,creation_failed,"Status 400: {""StatusCode"":400,""Message"":""Profile already exists!""}",,,,,,
computed_PT1S_Quantitative_PE_avg,,PT1S,Quantitative,avg,PE,,,False,creation_failed,"Status 400: {""StatusCode"":400,""Message"":""Profile already exists!""}",,,,,,
computed_PT1S_Quantitative_PM_min_pila,,PT1S,Quantitative,min,PM,,,False,creation_failed,"Status 400: {""StatusCode"":400,""Message"":""Profile already exists!""}",,,,,,
computed_PT1S_Quantitative_PW_max_pila,,PT1S,Quantitative,max,PW,,,False,creation_failed,"Status 400: {""StatusCode"":400,""Message"":""Profile already exists!""}",,,,,,
computed_PT1S_Quantitative_PM_min,,PT1S,Quantitative,min,PM,,,False,creation_failed,"Status 400: {""StatusCode"":400,""Message"":""Profile already exists!""}",,,,,,
computed_PT1S_Quantitative_PM_avg_pila,,PT1S,Quantitative,avg,PM,,,False,creation_failed,"Status 400: {""StatusCode"":400,""Message"":""Profile already exists!""}",,,,,,
computed_PT1S_Quantitative_PM_max,,PT1S,Quantitative,max,PM,,,False,creation_failed,"Status 400: {""StatusCode"":400,""Message"":""Profile already exists!""}",,,,,,
computed_PT1S_Quantitative_PM_avg,,PT1S,Quantitative,avg,PM,,,False,creation_failed,"Status 400: {""StatusCode"":400,""Message"":""Profile already exists!""}",,,,,,
computed_PT1S_Quantitative_PQ_max,,PT1S,Quantitative,max,PQ,,,False,creation_failed,"Status 400: {""StatusCode"":400,""Message"":""Profile already exists!""}",,,,,,
computed_PT1S_Quantitative_PQ_avg,,PT1S,Quantitative,avg,PQ,,,False,creation_failed,"Status 400: {""StatusCode"":400,""Message"":""Profile already exists!""}",,,,,,
computed_PT1S_Quantitative_PE_max_pila,,PT1S,Quantitative,max,PE,,,False,creation_failed,"Status 400: {""StatusCode"":400,""Message"":""Profile already exists!""}",,,,,,
computed_PT1S_Quantitative_PQ_min_pila,,PT1S,Quantitative,min,PQ,,,False,creation_failed,"Status 400: {""StatusCode"":400,""Message"":""Profile already exists!""}",,,,,,
computed_PT1S_Quantitative_PQ_min,,PT1S,Quantitative,min,PQ,,,False,creation_failed,"Status 400: {""StatusCode"":400,""Message"":""Profile already exists!""}",,,,,,
computed_PT1S_Quantitative_PQ_max_pila,,PT1S,Quantitative,max,PQ,,,False,creation_failed,"Status 400: {""StatusCode"":400,""Message"":""Profile already exists!""}",,,,,,
computed_PT1S_Quantitative_PY_min,,PT1S,Quantitative,min,PY,,,False,creation_failed,"Status 400: {""StatusCode"":400,""Message"":""Profile already exists!""}",,,,,,
computed_PT1S_Quantitative_PQ_sum,,PT1S,Quantitative,sum,PQ,,,False,creation_failed,"Status 400: {""StatusCode"":400,""Message"":""Profile already exists!""}",,,,,,
computed_PT1S_Quantitative_PM_max_pila,,PT1S,Quantitative,max,PM,,,False,creation_failed,"Status 400: {""StatusCode"":400,""Message"":""Profile already exists!""}",,,,,,
computed_PT1S_Quantitative_PY_min_pila,,PT1S,Quantitative,min,PY,,,False,creation_failed,"Status 400: {""StatusCode"":400,""Message"":""Profile already exists!""}",,,,,,
computed_PT1S_Quantitative_PY_avg,,PT1S,Quantitative,avg,PY,,,False,creation_failed,"Status 400: {""StatusCode"":400,""Message"":""Profile already exists!""}",,,,,,
computed_PT1S_Quantitative_PY_sum,,PT1S,Quantitative,sum,PY,,,False,creation_failed,"Status 400: {""StatusCode"":400,""Message"":""Profile already exists!""}",,,,,,
computed_PT1S_Continuous_H_avg_pila,,PT1S,Continuous,avg,H,,,False,creation_failed,"Status 400: {""StatusCode"":400,""Message"":""Profile already exists!""}",,,,,,
computed_PT1S_Continuous_H_avg,,PT1S,Continuous,avg,H,,,False,creation_failed,"Status 400: {""StatusCode"":400,""Message"":""Profile already exists!""}",,,,,,
computed_PT1S_Quantitative_PY_max,,PT1S,Quantitative,max,PY,,,False,creation_failed,"Status 400: {""StatusCode"":400,""Message"":""Profile already exists!""}",,,,,,
computed_PT1S_Continuous_H_max,,PT1S,Continuous,max,H,,,False,creation_failed,"Status 400: {""StatusCode"":400,""Message"":""Profile already exists!""}",,,,,,
computed_PT1S_Quantitative_PY_avg_pila,,PT1S,Quantitative,avg,PY,,,False,creation_failed,"Status 400: {""StatusCode"":400,""Message"":""Profile already exists!""}",,,,,,
computed_PT1S_Quantitative_PQ_avg_pila,,PT1S,Quantitative,avg,PQ,,,False,creation_failed,"Status 400: {""StatusCode"":400,""Message"":""Profile already exists!""}",,,,,,
computed_PT1S_Quantitative_PY_max_pila,,PT1S,Quantitative,max,PY,,,False,creation_failed,"Status 400: {""StatusCode"":400,""Message"":""Profile already exists!""}",,,,,,
computed_PT1S_Continuous_H_max_pila,,PT1S,Continuous,max,H,,,False,creation_failed,"Status 400: {""StatusCode"":400,""Message"":""Profile already exists!""}",,,,,,
computed_PT1S_Continuous_PD_min,,PT1S,Continuous,min,PD,,,False,creation_failed,"Status 400: {""StatusCode"":400,""Message"":""Profile already exists!""}",,,,,,
computed_PT1S_Continuous_H_sum,,PT1S,Continuous,sum,H,,,False,creation_failed,"Status 400: {""StatusCode"":400,""Message"":""Profile already exists!""}",,,,,,
computed_PT1S_Continuous_PD_max_pila,,PT1S,Continuous,max,PD,,,False,creation_failed,"Status 400: {""StatusCode"":400,""Message"":""Profile already exists!""}",,,,,,
computed_PT1S_Continuous_PD_min_pila,,PT1S,Continuous,min,PD,,,False,creation_failed,"Status 400: {""StatusCode"":400,""Message"":""Profile already exists!""}",,,,,,
computed_PT1S_Continuous_PD_max,,PT1S,Continuous,max,PD,,,False,creation_failed,"Status 400: {""StatusCode"":400,""Message"":""Profile already exists!""}",,,,,,
computed_PT1S_Continuous_PD_avg,,PT1S,Continuous,avg,PD,,,False,creation_failed,"Status 400: {""StatusCode"":400,""Message"":""Profile already exists!""}",,,,,,
computed_PT1S_Continuous_PW_avg,,PT1S,Continuous,avg,PW,,,False,creation_failed,"Status 400: {""StatusCode"":400,""Message"":""Profile already exists!""}",,,,,,
computed_PT1S_Continuous_H_min_pila,,PT1S,Continuous,min,H,,,False,creation_failed,"Status 400: {""StatusCode"":400,""Message"":""Profile already exists!""}",,,,,,
computed_PT1S_Continuous_PW_min_pila,,PT1S,Continuous,min,PW,,,False,creation_failed,"Status 400: {""StatusCode"":400,""Message"":""Profile already exists!""}",,,,,,
computed_PT1S_Continuous_PW_min,,PT1S,Continuous,min,PW,,,False,creation_failed,"Status 400: {""StatusCode"":400,""Message"":""Profile already exists!""}",,,,,,
computed_PT1S_Continuous_H_min,,PT1S,Continuous,min,H,,,False,creation_failed,"Status 400: {""StatusCode"":400,""Message"":""Profile already exists!""}",,,,,,
computed_PT1S_Continuous_PW_max_pila,,PT1S,Continuous,max,PW,,,False,creation_failed,"Status 400: {""StatusCode"":400,""Message"":""Profile already exists!""}",,,,,,
computed_PT1S_Continuous_PW_sum,,PT1S,Continuous,sum,PW,,,False,creation_failed,"Status 400: {""StatusCode"":400,""Message"":""Profile already exists!""}",,,,,,
computed_PT1S_Continuous_PW_max,,PT1S,Continuous,max,PW,,,False,creation_failed,"Status 400: {""StatusCode"":400,""Message"":""Profile already exists!""}",,,,,,
computed_PT1S_Continuous_PW_avg_pila,,PT1S,Continuous,avg,PW,,,False,creation_failed,"Status 400: {""StatusCode"":400,""Message"":""Profile already exists!""}",,,,,,
computed_PT1S_Continuous_PD_avg_pila,,PT1S,Continuous,avg,PD,,,False,creation_failed,"Status 400: {""StatusCode"":400,""Message"":""Profile already exists!""}",,,,,,
computed_PT1S_Continuous_PD_sum,,PT1S,Continuous,sum,PD,,,False,creation_failed,"Status 400: {""StatusCode"":400,""Message"":""Profile already exists!""}",,,,,,
computed_PT1S_Continuous_PE_sum,,PT1S,Continuous,sum,PE,,,False,creation_failed,"Status 400: {""StatusCode"":400,""Message"":""Profile already exists!""}",,,,,,
computed_PT1S_Continuous_PE_avg,,PT1S,Continuous,avg,PE,,,False,creation_failed,"Status 400: {""StatusCode"":400,""Message"":""Profile already exists!""}",,,,,,
computed_PT1S_Continuous_PE_min,,PT1S,Continuous,min,PE,,,False,creation_failed,"Status 400: {""StatusCode"":400,""Message"":""Profile already exists!""}",,,,,,
computed_PT1S_Continuous_PE_avg_pila,,PT1S,Continuous,avg,PE,,,False,creation_failed,"Status 400: {""StatusCode"":400,""Message"":""Profile already exists!""}",,,,,,
computed_PT1S_Continuous_PE_max,,PT1S,Continuous,max,PE,,,False,creation_failed,"Status 400: {""StatusCode"":400,""Message"":""Profile already exists!""}",,,,,,
computed_PT1S_Continuous_PM_max,,PT1S,Continuous,max,PM,,,False,creation_failed,"Status 400: {""StatusCode"":400,""Message"":""Profile already exists!""}",,,,,,
computed_PT1S_Continuous_PM_max_pila,,PT1S,Continuous,max,PM,,,False,creation_failed,"Status 400: {""StatusCode"":400,""Message"":""Profile already exists!""}",,,,,,
computed_PT1S_Continuous_PM_min,,PT1S,Continuous,min,PM,,,False,creation_failed,"Status 400: {""StatusCode"":400,""Message"":""Profile already exists!""}",,,,,,
computed_PT1S_Continuous_PQ_avg,,PT1S,Continuous,avg,PQ,,,False,creation_failed,"Status 400: {""StatusCode"":400,""Message"":""Profile already exists!""}",,,,,,
computed_PT1S_Continuous_PM_min_pila,,PT1S,Continuous,min,PM,,,False,creation_failed,"Status 400: {""StatusCode"":400,""Message"":""Profile already exists!""}",,,,,,
computed_PT1S_Continuous_PM_avg_pila,,PT1S,Continuous,avg,PM,,,False,creation_failed,"Status 400: {""StatusCode"":400,""Message"":""Profile already exists!""}",,,,,,
computed_PT1S_Continuous_PM_sum,,PT1S,Continuous,sum,PM,,,False,creation_failed,"Status 400: {""StatusCode"":400,""Message"":""Profile already exists!""}",,,,,,
computed_PT1S_Continuous_PE_min_pila,,PT1S,Continuous,min,PE,,,False,creation_failed,"Status 400: {""StatusCode"":400,""Message"":""Profile already exists!""}",,,,,,
computed_PT1S_Continuous_PQ_sum,,PT1S,Continuous,sum,PQ,,,False,creation_failed,"Status 400: {""StatusCode"":400,""Message"":""Profile already exists!""}",,,,,,
computed_PT1S_Continuous_PE_max_pila,,PT1S,Continuous,max,PE,,,False,creation_failed,"Status 400: {""StatusCode"":400,""Message"":""Profile already exists!""}",,,,,,
computed_PT1S_Continuous_PQ_min,,PT1S,Continuous,min,PQ,,,False,creation_failed,"Status 400: {""StatusCode"":400,""Message"":""Profile already exists!""}",,,,,,
computed_PT1S_Continuous_PQ_max_pila,,PT1S,Continuous,max,PQ,,,False,creation_failed,"Status 400: {""StatusCode"":400,""Message"":""Profile already exists!""}",,,,,,
computed_PT1S_Continuous_PY_avg,,PT1S,Continuous,avg,PY,,,False,creation_failed,"Status 400: {""StatusCode"":400,""Message"":""Profile already exists!""}",,,,,,
computed_PT1S_Continuous_PM_avg,,PT1S,Continuous,avg,PM,,,False,creation_failed,"Status 400: {""StatusCode"":400,""Message"":""Profile already exists!""}",,,,,,
computed_PT1S_Continuous_PQ_max,,PT1S,Continuous,max,PQ,,,False,creation_failed,"Status 400: {""StatusCode"":400,""Message"":""Profile already exists!""}",,,,,,
computed_PT1S_Continuous_PQ_min_pila,,PT1S,Continuous,min,PQ,,,False,creation_failed,"Status 400: {""StatusCode"":400,""Message"":""Profile already exists!""}",,,,,,
computed_PT1S_Continuous_PY_max_pila,,PT1S,Continuous,max,PY,,,False,creation_failed,"Status 400: {""StatusCode"":400,""Message"":""Profile already exists!""}",,,,,,
computed_PT1S_Continuous_PY_avg_pila,,PT1S,Continuous,avg,PY,,,False,creation_failed,"Status 400: {""StatusCode"":400,""Message"":""Profile already exists!""}",,,,,,
computed_P1D_Quantitative_H_avg,,P1D,Quantitative,avg,H,,,False,creation_failed,"Status 400: {""StatusCode"":400,""Message"":""Profile already exists!""}",,,,,,
computed_PT1S_Continuous_PY_min,,PT1S,Continuous,min,PY,,,False,creation_failed,"Status 400: {""StatusCode"":400,""Message"":""Profile already exists!""}",,,,,,
computed_P1D_Quantitative_H_avg_pila,,P1D,Quantitative,avg,H,,,False,creation_failed,"Status 400: {""StatusCode"":400,""Message"":""Profile already exists!""}",,,,,,
computed_PT1S_Continuous_PQ_avg_pila,,PT1S,Continuous,avg,PQ,,,False,creation_failed,"Status 400: {""StatusCode"":400,""Message"":""Profile already exists!""}",,,,,,
computed_P1D_Quantitative_H_sum,,P1D,Quantitative,sum,H,,,False,creation_failed,"Status 400: {""StatusCode"":400,""Message"":""Profile already exists!""}",,,,,,
computed_PT1S_Continuous_PY_sum,,PT1S,Continuous,sum,PY,,,False,creation_failed,"Status 400: {""StatusCode"":400,""Message"":""Profile already exists!""}",,,,,,
computed_PT1S_Continuous_PY_max,,PT1S,Continuous,max,PY,,,False,creation_failed,"Status 400: {""StatusCode"":400,""Message"":""Profile already exists!""}",,,,,,
computed_P1D_Quantitative_H_min_pila,,P1D,Quantitative,min,H,,,False,creation_failed,"Status 400: {""StatusCode"":400,""Message"":""Profile already exists!""}",,,,,,
computed_P1D_Quantitative_PD_sum,,P1D,Quantitative,sum,PD,,,False,creation_failed,"Status 400: {""StatusCode"":400,""Message"":""Profile already exists!""}",,,,,,
computed_P1D_Quantitative_H_max_pila,,P1D,Quantitative,max,H,,,False,creation_failed,"Status 400: {""StatusCode"":400,""Message"":""Profile already exists!""}",,,,,,
computed_P1D_Quantitative_PD_avg,,P1D,Quantitative,avg,PD,,,False,creation_failed,"Status 400: {""StatusCode"":400,""Message"":""Profile already exists!""}",,,,,,
computed_P1D_Quantitative_PD_avg_pila,,P1D,Quantitative,avg,PD,,,False,creation_failed,"Status 400: {""StatusCode"":400,""Message"":""Profile already exists!""}",,,,,,
computed_P1D_Quantitative_H_max,,P1D,Quantitative,max,H,,,False,creation_failed,"Status 400: {""StatusCode"":400,""Message"":""Profile already exists!""}",,,,,,
computed_PT1S_Continuous_PY_min_pila,,PT1S,Continuous,min,PY,,,False,creation_failed,"Status 400: {""StatusCode"":400,""Message"":""Profile already exists!""}",,,,,,
computed_P1D_Quantitative_H_min,,P1D,Quantitative,min,H,,,False,creation_failed,"Status 400: {""StatusCode"":400,""Message"":""Profile already exists!""}",,,,,,
computed_P1D_Quantitative_PD_min,,P1D,Quantitative,min,PD,,,False,creation_failed,"Status 400: {""StatusCode"":400,""Message"":""Profile already exists!""}",,,,,,
computed_P1D_Quantitative_PD_min_pila,,P1D,Quantitative,min,PD,,,False,creation_failed,"Status 400: {""StatusCode"":400,""Message"":""Profile already exists!""}",,,,,,
computed_P1D_Quantitative_PW_avg,,P1D,Quantitative,avg,PW,,,False,creation_failed,"Status 400: {""StatusCode"":400,""Message"":""Profile already exists!""}",,,,,,
computed_P1D_Quantitative_PD_max,,P1D,Quantitative,max,PD,,,False,creation_failed,"Status 400: {""StatusCode"":400,""Message"":""Profile already exists!""}",,,,,,
computed_P1D_Quantitative_PW_min,,P1D,Quantitative,min,PW,,,False,creation_failed,"Status 400: {""StatusCode"":400,""Message"":""Profile already exists!""}",,,,,,
computed_P1D_Quantitative_PW_max_pila,,P1D,Quantitative,max,PW,,,False,creation_failed,"Status 400: {""StatusCode"":400,""Message"":""Profile already exists!""}",,,,,,
computed_P1D_Quantitative_PW_sum,,P1D,Quantitative,sum,PW,,,False,creation_failed,"Status 400: {""StatusCode"":400,""Message"":""Profile already exists!""}",,,,,,
computed_P1D_Quantitative_PW_avg_pila,,P1D,Quantitative,avg,PW,,,False,creation_failed,"Status 400: {""StatusCode"":400,""Message"":""Profile already exists!""}",,,,,,
computed_P1D_Quantitative_PW_min_pila,,P1D,Quantitative,min,PW,,,False,creation_failed,"Status 400: {""StatusCode"":400,""Message"":""Profile already exists!""}",,,,,,
computed_P1D_Quantitative_PW_max,,P1D,Quantitative,max,PW,,,False,creation_failed,"Status 400: {""StatusCode"":400,""Message"":""Profile already exists!""}",,,,,,
computed_P1D_Quantitative_PE_avg,,P1D,Quantitative,avg,PE,,,False,creation_failed,"Status 400: {""StatusCode"":400,""Message"":""Profile already exists!""}",,,,,,
computed_P1D_Quantitative_PE_min_pila,,P1D,Quantitative,min,PE,,,False,creation_failed,"Status 400: {""StatusCode"":400,""Message"":""Profile already exists!""}",,,,,,
computed_P1D_Quantitative_PD_max_pila,,P1D,Quantitative,max,PD,,,False,creation_failed,"Status 400: {""StatusCode"":400,""Message"":""Profile already exists!""}",,,,,,
computed_P1D_Quantitative_PE_min,,P1D,Quantitative,min,PE,,,False,creation_failed,"Status 400: {""StatusCode"":400,""Message"":""Profile already exists!""}",,,,,,
computed_P1D_Quantitative_PE_avg_pila,,P1D,Quantitative,avg,PE,,,False,creation_failed,"Status 400: {""StatusCode"":400,""Message"":""Profile already exists!""}",,,,,,
computed_P1D_Quantitative_PE_max_pila,,P1D,Quantitative,max,PE,,,False,creation_failed,"Status 400: {""StatusCode"":400,""Message"":""Profile already exists!""}",,,,,,
computed_P1D_Quantitative_PE_max,,P1D,Quantitative,max,PE,,,False,creation_failed,"Status 400: {""StatusCode"":400,""Message"":""Profile already exists!""}",,,,,,
computed_P1D_Quantitative_PE_sum,,P1D,Quantitative,sum,PE,,,False,creation_failed,"Status 400: {""StatusCode"":400,""Message"":""Profile already exists!""}",,,,,,
computed_P1D_Quantitative_PM_avg_pila,,P1D,Quantitative,avg,PM,,,False,creation_failed,"Status 400: {""StatusCode"":400,""Message"":""Profile already exists!""}",,,,,,
computed_P1D_Quantitative_PM_sum,,P1D,Quantitative,sum,PM,,,False,creation_failed,"Status 400: {""StatusCode"":400,""Message"":""Profile already exists!""}",,,,,,
computed_P1D_Quantitative_PM_min_pila,,P1D,Quantitative,min,PM,,,False,creation_failed,"Status 400: {""StatusCode"":400,""Message"":""Profile already exists!""}",,,,,,
computed_P1D_Quantitative_PM_max,,P1D,Quantitative,max,PM,,,False,creation_failed,"Status 400: {""StatusCode"":400,""Message"":""Profile already exists!""}",,,,,,
computed_P1D_Quantitative_PM_avg,,P1D,Quantitative,avg,PM,,,False,creation_failed,"Status 400: {""StatusCode"":400,""Message"":""Profile already exists!""}",,,,,,
computed_P1D_Quantitative_PM_max_pila,,P1D,Quantitative,max,PM,,,False,creation_failed,"Status 400: {""StatusCode"":400,""Message"":""Profile already exists!""}",,,,,,
computed_P1D_Quantitative_PQ_sum,,P1D,Quantitative,sum,PQ,,,False,creation_failed,"Status 400: {""StatusCode"":400,""Message"":""Profile already exists!""}",,,,,,
computed_P1D_Quantitative_PM_min,,P1D,Quantitative,min,PM,,,False,creation_failed,"Status 400: {""StatusCode"":400,""Message"":""Profile already exists!""}",,,,,,
computed_P1D_Quantitative_PQ_avg,,P1D,Quantitative,avg,PQ,,,False,creation_failed,"Status 400: {""StatusCode"":400,""Message"":""Profile already exists!""}",,,,,,
computed_P1D_Quantitative_PQ_max,,P1D,Quantitative,max,PQ,,,False,creation_failed,"Status 400: {""StatusCode"":400,""Message"":""Profile already exists!""}",,,,,,
computed_P1D_Quantitative_PQ_avg_pila,,P1D,Quantitative,avg,PQ,,,False,creation_failed,"Status 400: {""StatusCode"":400,""Message"":""Profile already exists!""}",,,,,,
computed_P1D_Quantitative_PQ_min,,P1D,Quantitative,min,PQ,,,False,creation_failed,"Status 400: {""StatusCode"":400,""Message"":""Profile already exists!""}",,,,,,
computed_P1D_Quantitative_PY_sum,,P1D,Quantitative,sum,PY,,,False,creation_failed,"Status 400: {""StatusCode"":400,""Message"":""Profile already exists!""}",,,,,,
computed_P1D_Quantitative_PY_min,,P1D,Quantitative,min,PY,,,False,creation_failed,"Status 400: {""StatusCode"":400,""Message"":""Profile already exists!""}",,,,,,
computed_P1D_Quantitative_PY_max,,P1D,Quantitative,max,PY,,,False,creation_failed,"Status 400: {""StatusCode"":400,""Message"":""Profile already exists!""}",,,,,,
computed_P1D_Quantitative_PY_avg,,P1D,Quantitative,avg,PY,,,False,creation_failed,"Status 400: {""StatusCode"":400,""Message"":""Profile already exists!""}",,,,,,
computed_P1D_Quantitative_PQ_max_pila,,P1D,Quantitative,max,PQ,,,False,creation_failed,"Status 400: {""StatusCode"":400,""Message"":""Profile already exists!""}",,,,,,
computed_P1D_Quantitative_PY_min_pila,,P1D,Quantitative,min,PY,,,False,creation_failed,"Status 400: {""StatusCode"":400,""Message"":""Profile already exists!""}",,,,,,
computed_P1D_Quantitative_PQ_min_pila,,P1D,Quantitative,min,PQ,,,False,creation_failed,"Status 400: {""StatusCode"":400,""Message"":""Profile already exists!""}",,,,,,
computed_P1D_Quantitative_PY_avg_pila,,P1D,Quantitative,avg,PY,,,False,creation_failed,"Status 400: {""StatusCode"":400,""Message"":""Profile already exists!""}",,,,,,
computed_P1D_Continuous_H_sum,,P1D,Continuous,sum,H,,,False,creation_failed,"Status 400: {""StatusCode"":400,""Message"":""Profile already exists!""}",,,,,,
computed_P1D_Continuous_H_min,,P1D,Continuous,min,H,,,False,creation_failed,"Status 400: {""StatusCode"":400,""Message"":""Profile already exists!""}",,,,,,
computed_P1D_Continuous_H_avg,,P1D,Continuous,avg,H,,,False,creation_failed,"Status 400: {""StatusCode"":400,""Message"":""Profile already exists!""}",,,,,,
computed_P1D_Continuous_PD_sum,,P1D,Continuous,sum,PD,,,False,creation_failed,"Status 400: {""StatusCode"":400,""Message"":""Profile already exists!""}",,,,,,
computed_P1D_Continuous_H_max,,P1D,Continuous,max,H,,,False,creation_failed,"Status 400: {""StatusCode"":400,""Message"":""Profile already exists!""}",,,,,,
computed_P1D_Quantitative_PY_max_pila,,P1D,Quantitative,max,PY,,,False,creation_failed,"Status 400: {""StatusCode"":400,""Message"":""Profile already exists!""}",,,,,,
computed_P1D_Continuous_H_avg_pila,,P1D,Continuous,avg,H,,,False,creation_failed,"Status 400: {""StatusCode"":400,""Message"":""Profile already exists!""}",,,,,,
computed_P1D_Continuous_H_min_pila,,P1D,Continuous,min,H,,,False,creation_failed,"Status 400: {""StatusCode"":400,""Message"":""Profile already exists!""}",,,,,,
computed_P1D_Continuous_H_max_pila,,P1D,Continuous,max,H,,,False,creation_failed,"Status 400: {""StatusCode"":400,""Message"":""Profile already exists!""}",,,,,,
computed_P1D_Continuous_PD_avg_pila,,P1D,Continuous,avg,PD,,,False,creation_failed,"Status 400: {""StatusCode"":400,""Message"":""Profile already exists!""}",,,,,,
computed_P1D_Continuous_PD_max,,P1D,Continuous,max,PD,,,False,creation_failed,"Status 400: {""StatusCode"":400,""Message"":""Profile already exists!""}",,,,,,
computed_P1D_Continuous_PD_max_pila,,P1D,Continuous,max,PD,,,False,creation_failed,"Status 400: {""StatusCode"":400,""Message"":""Profile already exists!""}",,,,,,
computed_P1D_Continuous_PW_min,,P1D,Continuous,min,PW,,,False,creation_failed,"Status 400: {""StatusCode"":400,""Message"":""Profile already exists!""}",,,,,,
computed_P1D_Continuous_PW_avg,,P1D,Continuous,avg,PW,,,False,creation_failed,"Status 400: {""StatusCode"":400,""Message"":""Profile already exists!""}",,,,,,
computed_P1D_Continuous_PW_max,,P1D,Continuous,max,PW,,,False,creation_failed,"Status 400: {""StatusCode"":400,""Message"":""Profile already exists!""}",,,,,,
computed_P1D_Continuous_PW_avg_pila,,P1D,Continuous,avg,PW,,,False,creation_failed,"Status 400: {""StatusCode"":400,""Message"":""Profile already exists!""}",,,,,,
computed_P1D_Continuous_PD_min_pila,,P1D,Continuous,min,PD,,,False,creation_failed,"Status 400: {""StatusCode"":400,""Message"":""Profile already exists!""}",,,,,,
computed_P1D_Continuous_PD_min,,P1D,Continuous,min,PD,,,False,creation_failed,"Status 400: {""StatusCode"":400,""Message"":""Profile already exists!""}",,,,,,
computed_P1D_Continuous_PD_avg,,P1D,Continuous,avg,PD,,,False,creation_failed,"Status 400: {""StatusCode"":400,""Message"":""Profile already exists!""}",,,,,,
computed_P1D_Continuous_PW_sum,,P1D,Continuous,sum,PW,,,False,creation_failed,"Status 400: {""StatusCode"":400,""Message"":""Profile already exists!""}",,,,,,
computed_P1D_Continuous_PE_avg,,P1D,Continuous,avg,PE,,,False,creation_failed,"Status 400: {""StatusCode"":400,""Message"":""Profile already exists!""}",,,,,,
computed_P1D_Continuous_PE_max_pila,,P1D,Continuous,max,PE,,,False,creation_failed,"Status 400: {""StatusCode"":400,""Message"":""Profile already exists!""}",,,,,,
computed_P1D_Continuous_PE_min_pila,,P1D,Continuous,min,PE,,,False,creation_failed,"Status 400: {""StatusCode"":400,""Message"":""Profile already exists!""}",,,,,,
computed_P1D_Continuous_PW_min_pila,,P1D,Continuous,min,PW,,,False,creation_failed,"Status 400: {""StatusCode"":400,""Message"":""Profile already exists!""}",,,,,,
computed_P1D_Continuous_PE_sum,,P1D,Continuous,sum,PE,,,False,creation_failed,"Status 400: {""StatusCode"":400,""Message"":""Profile already exists!""}",,,,,,
computed_P1D_Continuous_PE_min,,P1D,Continuous,min,PE,,,False,creation_failed,"Status 400: {""StatusCode"":400,""Message"":""Profile already exists!""}",,,,,,
computed_P1D_Continuous_PW_max_pila,,P1D,Continuous,max,PW,,,False,creation_failed,"Status 400: {""StatusCode"":400,""Message"":""Profile already exists!""}",,,,,,
computed_P1D_Continuous_PE_max,,P1D,Continuous,max,PE,,,False,creation_failed,"Status 400: {""StatusCode"":400,""Message"":""Profile already exists!""}",,,,,,
computed_P1D_Continuous_PM_max_pila,,P1D,Continuous,max,PM,,,False,creation_failed,"Status 400: {""StatusCode"":400,""Message"":""Profile already exists!""}",,,,,,
computed_P1D_Continuous_PM_avg_pila,,P1D,Continuous,avg,PM,,,False,creation_failed,"Status 400: {""StatusCode"":400,""Message"":""Profile already exists!""}",,,,,,
computed_P1D_Continuous_PM_min,,P1D,Continuous,min,PM,,,False,creation_failed,"Status 400: {""StatusCode"":400,""Message"":""Profile already exists!""}",,,,,,
computed_P1D_Continuous_PM_max,,P1D,Continuous,max,PM,,,False,creation_failed,"Status 400: {""StatusCode"":400,""Message"":""Profile already exists!""}",,,,,,
computed_P1D_Continuous_PM_avg,,P1D,Continuous,avg,PM,,,False,creation_failed,"Status 400: {""StatusCode"":400,""Message"":""Profile already exists!""}",,,,,,
computed_P1D_Continuous_PM_sum,,P1D,Continuous,sum,PM,,,False,creation_failed,"Status 400: {""StatusCode"":400,""Message"":""Profile already exists!""}",,,,,,
computed_P1D_Continuous_PQ_sum,,P1D,Continuous,sum,PQ,,,False,creation_failed,"Status 400: {""StatusCode"":400,""Message"":""Profile already exists!""}",,,,,,
computed_P1D_Continuous_PQ_min_pila,,P1D,Continuous,min,PQ,,,False,creation_failed,"Status 400: {""StatusCode"":400,""Message"":""Profile already exists!""}",,,,,,
computed_P1D_Continuous_PQ_max,,P1D,Continuous,max,PQ,,,False,creation_failed,"Status 400: {""StatusCode"":400,""Message"":""Profile already exists!""}",,,,,,
computed_P1D_Continuous_PQ_avg,,P1D,Continuous,avg,PQ,,,False,creation_failed,"Status 400: {""StatusCode"":400,""Message"":""Profile already exists!""}",,,,,,
computed_P1D_Continuous_PQ_avg_pila,,P1D,Continuous,avg,PQ,,,False,creation_failed,"Status 400: {""StatusCode"":400,""Message"":""Profile already exists!""}",,,,,,
computed_P1D_Continuous_PQ_max_pila,,P1D,Continuous,max,PQ,,,False,creation_failed,"Status 400: {""StatusCode"":400,""Message"":""Profile already exists!""}",,,,,,
computed_P1D_Continuous_PY_min,,P1D,Continuous,min,PY,,,False,creation_failed,"Status 400: {""StatusCode"":400,""Message"":""Profile already exists!""}",,,,,,
computed_P1D_Continuous_PM_min_pila,,P1D,Continuous,min,PM,,,False,creation_failed,"Status 400: {""StatusCode"":400,""Message"":""Profile already exists!""}",,,,,,
computed_P1D_Continuous_PY_sum,,P1D,Continuous,sum,PY,,,False,creation_failed,"Status 400: {""StatusCode"":400,""Message"":""Profile already exists!""}",,,,,,
computed_P1D_Continuous_PE_avg_pila,,P1D,Continuous,avg,PE,,,False,creation_failed,"Status 400: {""StatusCode"":400,""Message"":""Profile already exists!""}",,,,,,
computed_P1D_Continuous_PQ_min,,P1D,Continuous,min,PQ,,,False,creation_failed,"Status 400: {""StatusCode"":400,""Message"":""Profile already exists!""}",,,,,,
computed_P1D_Continuous_PY_avg,,P1D,Continuous,avg,PY,,,False,creation_failed,"Status 400: {""StatusCode"":400,""Message"":""Profile already exists!""}",,,,,,
computed_P1D_Continuous_PY_avg_pila,,P1D,Continuous,avg,PY,,,False,creation_failed,"Status 400: {""StatusCode"":400,""Message"":""Profile already exists!""}",,,,,,
computed_P1D_Continuous_PY_max,,P1D,Continuous,max,PY,,,False,creation_failed,"Status 400: {""StatusCode"":400,""Message"":""Profile already exists!""}",,,,,,
computed_P1D_Continuous_PY_min_pila,,P1D,Continuous,min,PY,,,False,creation_failed,"Status 400: {""StatusCode"":400,""Message"":""Profile already exists!""}",,,,,,
computed_P1D_Continuous_PY_max_pila,,P1D,Continuous,max,PY,,,False,creation_failed,"Status 400: {""StatusCode"":400,""Message"":""Profile already exists!""}",,,,,,
